sample_id,numeric_recompute,physical_properties,overall
D01-S001-00001,True,True,pass
D01-S001-00002,True,True,pass
D01-S001-00003,True,True,pass
D01-S001-00004,True,True,pass
D01-S001-00005,True,True,pass
D01-S001-00006,True,True,pass
D01-S001-00007,True,True,pass
D01-S001-00008,True,True,pass
D01-S001-00009,True,True,pass
D01-S001-00010,True,True,pass
D01-S001-00011,True,True,pass
D01-S001-00012,True,True,pass
D01-S001-00013,True,True,pass
D01-S001-00014,True,True,pass
D01-S001-00015,True,True,pass
D01-S001-00016,True,True,pass
D01-S001-00017,True,True,pass
D01-S001-00018,True,True,pass
D01-S001-00019,True,True,pass
D01-S001-00020,True,True,pass
D01-S001-00021,True,True,pass
D01-S001-00022,True,True,pass
D01-S001-00023,True,True,pass
D01-S001-00024,True,True,pass
D01-S001-00025,True,True,pass
D01-S001-00026,True,True,pass
D01-S001-00027,True,True,pass
D01-S001-00028,True,True,pass
D01-S001-00029,True,True,pass
D01-S001-00030,True,True,pass
D01-S001-00031,True,True,pass
D01-S001-00032,True,True,pass
D01-S001-00033,True,True,pass
D01-S001-00034,True,True,pass
D01-S001-00035,True,True,pass
D01-S001-00036,True,True,pass
D01-S001-00037,True,True,pass
D01-S001-00038,True,True,pass
D01-S001-00039,True,True,pass
D01-S001-00040,True,True,pass
D01-S001-00041,True,True,pass
D01-S001-00042,True,True,pass
D01-S001-00043,True,True,pass
D01-S001-00044,True,True,pass
D01-S001-00045,True,True,pass
D01-S001-00046,True,True,pass
D01-S001-00047,True,True,pass
D01-S001-00048,True,True,pass
D01-S001-00049,True,True,pass
D01-S001-00050,True,True,pass
D01-S001-00051,True,True,pass
D01-S001-00052,True,True,pass
D01-S001-00053,True,True,pass
D01-S001-00054,True,True,pass
D01-S001-00055,True,True,pass
D01-S001-00056,True,True,pass
D01-S001-00057,True,True,pass
D01-S001-00058,True,True,pass
D01-S001-00059,True,True,pass
D01-S001-00060,True,True,pass
D01-S001-00061,True,True,pass
D01-S001-00062,True,True,pass
D01-S001-00063,True,True,pass
D01-S001-00064,True,True,pass
D01-S001-00065,True,True,pass
D01-S001-00066,True,True,pass
D01-S001-00067,True,True,pass
D01-S001-00068,True,True,pass
D01-S001-00069,True,True,pass
D01-S001-00070,True,True,pass
D01-S001-00071,True,True,pass
D01-S001-00072,True,True,pass
D01-S001-00073,True,True,pass
D01-S001-00074,True,True,pass
D01-S001-00075,True,True,pass
D01-S001-00076,True,True,pass
D01-S001-00077,True,True,pass
D01-S001-00078,True,True,pass
D01-S001-00079,True,True,pass
D01-S001-00080,True,True,pass
D01-S001-00081,True,True,pass
D01-S001-00082,True,True,pass
D01-S001-00083,True,True,pass
D01-S001-00084,True,True,pass
D01-S001-00085,True,True,pass
D01-S001-00086,True,True,pass
D01-S001-00087,True,True,pass
D01-S001-00088,True,True,pass
D01-S001-00089,True,True,pass
D01-S001-00090,True,True,pass
D01-S001-00091,True,True,pass
D01-S001-00092,True,True,pass
D01-S001-00093,True,True,pass
D01-S001-00094,True,True,pass
D01-S001-00095,True,True,pass
D01-S001-00096,True,True,pass
D01-S001-00097,True,True,pass
D01-S001-00098,True,True,pass
D01-S001-00099,True,True,pass
D01-S001-00100,True,True,pass
D01-S001-00101,True,True,pass
D01-S001-00102,True,True,pass
D01-S001-00103,True,True,pass
D01-S001-00104,True,True,pass
D01-S001-00105,True,True,pass
D01-S001-00106,True,True,pass
D01-S001-00107,True,True,pass
D01-S001-00108,True,True,pass
D01-S001-00109,True,True,pass
D01-S001-00110,True,True,pass
D01-S001-00111,True,True,pass
D01-S001-00112,True,True,pass
D01-S001-00113,True,True,pass
D01-S001-00114,True,True,pass
D01-S001-00115,True,True,pass
D01-S001-00116,True,True,pass
D01-S001-00117,True,True,pass
D01-S001-00118,True,True,pass
D01-S001-00119,True,True,pass
D01-S001-00120,True,True,pass
D01-S001-00121,True,True,pass
D01-S001-00122,True,True,pass
D01-S001-00123,True,True,pass
D01-S001-00124,True,True,pass
D01-S001-00125,True,True,pass
D01-S001-00126,True,True,pass
D01-S001-00127,True,True,pass
D01-S001-00128,True,True,pass
D01-S001-00129,True,True,pass
D01-S001-00130,True,True,pass
D01-S001-00131,True,True,pass
D01-S001-00132,True,True,pass
D01-S001-00133,True,True,pass
D01-S001-00134,True,True,pass
D01-S001-00135,True,True,pass
D01-S001-00136,True,True,pass
D01-S001-00137,True,True,pass
D01-S001-00138,True,True,pass
D01-S001-00139,True,True,pass
D01-S001-00140,True,True,pass
D01-S001-00141,True,True,pass
D01-S001-00142,True,True,pass
D01-S001-00143,True,True,pass
D01-S001-00144,True,True,pass
D01-S001-00145,True,True,pass
D01-S001-00146,True,True,pass
D01-S001-00147,True,True,pass
D01-S001-00148,True,True,pass
D01-S001-00149,True,True,pass
D01-S001-00150,True,True,pass
D01-S001-00151,True,True,pass
D01-S001-00152,True,True,pass
D01-S001-00153,True,True,pass
D01-S001-00154,True,True,pass
D01-S001-00155,True,True,pass
D01-S001-00156,True,True,pass
D01-S001-00157,True,True,pass
D01-S001-00158,True,True,pass
D01-S001-00159,True,True,pass
D01-S001-00160,True,True,pass
D01-S001-00161,True,True,pass
D01-S001-00162,True,True,pass
D01-S001-00163,True,True,pass
D01-S001-00164,True,True,pass
D01-S001-00165,True,True,pass
D01-S001-00166,True,True,pass
D01-S001-00167,True,True,pass
D01-S001-00168,True,True,pass
D01-S001-00169,True,True,pass
D01-S001-00170,True,True,pass
D01-S001-00171,True,True,pass
D01-S001-00172,True,True,pass
D01-S001-00173,True,True,pass
D01-S001-00174,True,True,pass
D01-S001-00175,True,True,pass
D01-S001-00176,True,True,pass
D01-S001-00177,True,True,pass
D01-S001-00178,True,True,pass
D01-S001-00179,True,True,pass
D01-S001-00180,True,True,pass
D01-S001-00181,True,True,pass
D01-S001-00182,True,True,pass
D01-S001-00183,True,True,pass
D01-S001-00184,True,True,pass
D01-S001-00185,True,True,pass
D01-S001-00186,True,True,pass
D01-S001-00187,True,True,pass
D01-S001-00188,True,True,pass
D01-S001-00189,True,True,pass
D01-S001-00190,True,True,pass
D01-S001-00191,True,True,pass
D01-S001-00192,True,True,pass
D01-S001-00193,True,True,pass
D01-S001-00194,True,True,pass
D01-S001-00195,True,True,pass
D01-S001-00196,True,True,pass
D01-S001-00197,True,True,pass
D01-S001-00198,True,True,pass
D01-S001-00199,True,True,pass
D01-S001-00200,True,True,pass
D01-S001-00201,True,True,pass
D01-S001-00202,True,True,pass
D01-S001-00203,True,True,pass
D01-S001-00204,True,True,pass
D01-S001-00205,True,True,pass
D01-S001-00206,True,True,pass
D01-S001-00207,True,True,pass
D01-S001-00208,True,True,pass
D01-S001-00209,True,True,pass
D01-S001-00210,True,True,pass
D01-S001-00211,True,True,pass
D01-S001-00212,True,True,pass
D01-S001-00213,True,True,pass
D01-S001-00214,True,True,pass
D01-S001-00215,True,True,pass
D01-S001-00216,True,True,pass
D01-S001-00217,True,True,pass
D01-S001-00218,True,True,pass
D01-S001-00219,True,True,pass
D01-S001-00220,True,True,pass
D01-S001-00221,True,True,pass
D01-S001-00222,True,True,pass
D01-S001-00223,True,True,pass
D01-S001-00224,True,True,pass
D01-S001-00225,True,True,pass
D01-S001-00226,True,True,pass
D01-S001-00227,True,True,pass
D01-S001-00228,True,True,pass
D01-S001-00229,True,True,pass
D01-S001-00230,True,True,pass
D01-S001-00231,True,True,pass
D01-S001-00232,True,True,pass
D01-S001-00233,True,True,pass
D01-S001-00234,True,True,pass
D01-S001-00235,True,True,pass
D01-S001-00236,True,True,pass
D01-S001-00237,True,True,pass
D01-S001-00238,True,True,pass
D01-S001-00239,True,True,pass
D01-S001-00240,True,True,pass
D01-S001-00241,True,True,pass
D01-S001-00242,True,True,pass
D01-S001-00243,True,True,pass
D01-S001-00244,True,True,pass
D01-S001-00245,True,True,pass
D01-S001-00246,True,True,pass
D01-S001-00247,True,True,pass
D01-S001-00248,True,True,pass
D01-S001-00249,True,True,pass
D01-S001-00250,True,True,pass
D01-S001-00251,True,True,pass
D01-S001-00252,True,True,pass
D01-S001-00253,True,True,pass
D01-S001-00254,True,True,pass
D01-S001-00255,True,True,pass
D01-S001-00256,True,True,pass
D01-S001-00257,True,True,pass
D01-S001-00258,True,True,pass
D01-S001-00259,True,True,pass
D01-S001-00260,True,True,pass
D01-S001-00261,True,True,pass
D01-S001-00262,True,True,pass
D01-S001-00263,True,True,pass
D01-S001-00264,True,True,pass
D01-S001-00265,True,True,pass
D01-S001-00266,True,True,pass
D01-S001-00267,True,True,pass
D01-S001-00268,True,True,pass
D01-S001-00269,True,True,pass
D01-S001-00270,True,True,pass
D01-S001-00271,True,True,pass
D01-S001-00272,True,True,pass
D01-S001-00273,True,True,pass
D01-S001-00274,True,True,pass
D01-S001-00275,True,True,pass
D01-S001-00276,True,True,pass
D01-S001-00277,True,True,pass
D01-S001-00278,True,True,pass
D01-S001-00279,True,True,pass
D01-S001-00280,True,True,pass
D01-S001-00281,True,True,pass
D01-S001-00282,True,True,pass
D01-S001-00283,True,True,pass
D01-S001-00284,True,True,pass
D01-S001-00285,True,True,pass
D01-S001-00286,True,True,pass
D01-S001-00287,True,True,pass
D01-S001-00288,True,True,pass
D01-S001-00289,True,True,pass
D01-S001-00290,True,True,pass
D01-S001-00291,True,True,pass
D01-S001-00292,True,True,pass
D01-S001-00293,True,True,pass
D01-S001-00294,True,True,pass
D01-S001-00295,True,True,pass
D01-S001-00296,True,True,pass
D01-S001-00297,True,True,pass
D01-S001-00298,True,True,pass
D01-S001-00299,True,True,pass
D01-S001-00300,True,True,pass
D01-S001-00301,True,True,pass
D01-S001-00302,True,True,pass
D01-S001-00303,True,True,pass
D01-S001-00304,True,True,pass
D01-S001-00305,True,True,pass
D01-S001-00306,True,True,pass
D01-S001-00307,True,True,pass
D01-S001-00308,True,True,pass
D01-S001-00309,True,True,pass
D01-S001-00310,True,True,pass
D01-S001-00311,True,True,pass
D01-S001-00312,True,True,pass
D01-S001-00313,True,True,pass
D01-S001-00314,True,True,pass
D01-S001-00315,True,True,pass
D01-S001-00316,True,True,pass
D01-S001-00317,True,True,pass
D01-S001-00318,True,True,pass
D01-S001-00319,True,True,pass
D01-S001-00320,True,True,pass
D01-S001-00321,True,True,pass
D01-S001-00322,True,True,pass
D01-S001-00323,True,True,pass
D01-S001-00324,True,True,pass
D01-S001-00325,True,True,pass
D01-S001-00326,True,True,pass
D01-S001-00327,True,True,pass
D01-S001-00328,True,True,pass
D01-S001-00329,True,True,pass
D01-S001-00330,True,True,pass
D01-S001-00331,True,True,pass
D01-S001-00332,True,True,pass
D01-S001-00333,True,True,pass
D01-S001-00334,True,True,pass
D01-S001-00335,True,True,pass
D01-S001-00336,True,True,pass
D01-S001-00337,True,True,pass
D01-S001-00338,True,True,pass
D01-S001-00339,True,True,pass
D01-S001-00340,True,True,pass
D01-S001-00341,True,True,pass
D01-S001-00342,True,True,pass
D01-S001-00343,True,True,pass
D01-S001-00344,True,True,pass
D01-S001-00345,True,True,pass
D01-S001-00346,True,True,pass
D01-S001-00347,True,True,pass
D01-S001-00348,True,True,pass
D01-S001-00349,True,True,pass
D01-S001-00350,True,True,pass
D01-S001-00351,True,True,pass
D01-S001-00352,True,True,pass
D01-S001-00353,True,True,pass
D01-S001-00354,True,True,pass
D01-S001-00355,True,True,pass
D01-S001-00356,True,True,pass
D01-S001-00357,True,True,pass
D01-S001-00358,True,True,pass
D01-S001-00359,True,True,pass
D01-S001-00360,True,True,pass
D01-S001-00361,True,True,pass
D01-S001-00362,True,True,pass
D01-S001-00363,True,True,pass
D01-S001-00364,True,True,pass
D01-S001-00365,True,True,pass
D01-S001-00366,True,True,pass
D01-S001-00367,True,True,pass
D01-S001-00368,True,True,pass
D01-S001-00369,True,True,pass
D01-S001-00370,True,True,pass
D01-S001-00371,True,True,pass
D01-S001-00372,True,True,pass
D01-S001-00373,True,True,pass
D01-S001-00374,True,True,pass
D01-S001-00375,True,True,pass
D01-S001-00376,True,True,pass
D01-S001-00377,True,True,pass
D01-S001-00378,True,True,pass
D01-S001-00379,True,True,pass
D01-S001-00380,True,True,pass
D01-S001-00381,True,True,pass
D01-S001-00382,True,True,pass
D01-S001-00383,True,True,pass
D01-S001-00384,True,True,pass
D01-S001-00385,True,True,pass
D01-S001-00386,True,True,pass
D01-S001-00387,True,True,pass
D01-S001-00388,True,True,pass
D01-S001-00389,True,True,pass
D01-S001-00390,True,True,pass
D01-S001-00391,True,True,pass
D01-S001-00392,True,True,pass
D01-S001-00393,True,True,pass
D01-S001-00394,True,True,pass
D01-S001-00395,True,True,pass
D01-S001-00396,True,True,pass
D01-S001-00397,True,True,pass
D01-S001-00398,True,True,pass
D01-S001-00399,True,True,pass
D01-S001-00400,True,True,pass
D01-S001-00401,True,True,pass
D01-S001-00402,True,True,pass
D01-S001-00403,True,True,pass
D01-S001-00404,True,True,pass
D01-S001-00405,True,True,pass
D01-S001-00406,True,True,pass
D01-S001-00407,True,True,pass
D01-S001-00408,True,True,pass
D01-S001-00409,True,True,pass
D01-S001-00410,True,True,pass
D01-S001-00411,True,True,pass
D01-S001-00412,True,True,pass
D01-S001-00413,True,True,pass
D01-S001-00414,True,True,pass
D01-S001-00415,True,True,pass
D01-S001-00416,True,True,pass
D01-S001-00417,True,True,pass
D01-S001-00418,True,True,pass
D01-S001-00419,True,True,pass
D01-S001-00420,True,True,pass
D01-S001-00421,True,True,pass
D01-S001-00422,True,True,pass
D01-S001-00423,True,True,pass
D01-S001-00424,True,True,pass
D01-S001-00425,True,True,pass
D01-S001-00426,True,True,pass
D01-S001-00427,True,True,pass
D01-S001-00428,True,True,pass
D01-S001-00429,True,True,pass
D01-S001-00430,True,True,pass
D01-S001-00431,True,True,pass
D01-S001-00432,True,True,pass
D01-S001-00433,True,True,pass
D01-S001-00434,True,True,pass
D01-S001-00435,True,True,pass
D01-S001-00436,True,True,pass
D01-S001-00437,True,True,pass
D01-S001-00438,True,True,pass
D01-S001-00439,True,True,pass
D01-S001-00440,True,True,pass
D01-S001-00441,True,True,pass
D01-S001-00442,True,True,pass
D01-S001-00443,True,True,pass
D01-S001-00444,True,True,pass
D01-S001-00445,True,True,pass
D01-S001-00446,True,True,pass
D01-S001-00447,True,True,pass
D01-S001-00448,True,True,pass
D01-S001-00449,True,True,pass
D01-S001-00450,True,True,pass
D01-S001-00451,True,True,pass
D01-S001-00452,True,True,pass
D01-S001-00453,True,True,pass
D01-S001-00454,True,True,pass
D01-S001-00455,True,True,pass
D01-S001-00456,True,True,pass
D01-S001-00457,True,True,pass
D01-S001-00458,True,True,pass
D01-S001-00459,True,True,pass
D01-S001-00460,True,True,pass
D01-S001-00461,True,True,pass
D01-S001-00462,True,True,pass
D01-S001-00463,True,True,pass
D01-S001-00464,True,True,pass
D01-S001-00465,True,True,pass
D01-S001-00466,True,True,pass
D01-S001-00467,True,True,pass
D01-S001-00468,True,True,pass
D01-S001-00469,True,True,pass
D01-S001-00470,True,True,pass
D01-S001-00471,True,True,pass
D01-S001-00472,True,True,pass
D01-S001-00473,True,True,pass
D01-S001-00474,True,True,pass
D01-S001-00475,True,True,pass
D01-S001-00476,True,True,pass
D01-S001-00477,True,True,pass
D01-S001-00478,True,True,pass
D01-S001-00479,True,True,pass
D01-S001-00480,True,True,pass
D01-S001-00481,True,True,pass
D01-S001-00482,True,True,pass
D01-S001-00483,True,True,pass
D01-S001-00484,True,True,pass
D01-S001-00485,True,True,pass
D01-S001-00486,True,True,pass
D01-S001-00487,True,True,pass
D01-S001-00488,True,True,pass
D01-S001-00489,True,True,pass
D01-S001-00490,True,True,pass
D01-S001-00491,True,True,pass
D01-S001-00492,True,True,pass
D01-S001-00493,True,True,pass
D01-S001-00494,True,True,pass
D01-S001-00495,True,True,pass
D01-S001-00496,True,True,pass
D01-S001-00497,True,True,pass
D01-S001-00498,True,True,pass
D01-S001-00499,True,True,pass
D01-S001-00500,True,True,pass
D01-S001-00501,True,True,pass
D01-S001-00502,True,True,pass
D01-S001-00503,True,True,pass
D01-S001-00504,True,True,pass
D01-S001-00505,True,True,pass
D01-S001-00506,True,True,pass
D01-S001-00507,True,True,pass
D01-S001-00508,True,True,pass
D01-S001-00509,True,True,pass
D01-S001-00510,True,True,pass
D01-S001-00511,True,True,pass
D01-S001-00512,True,True,pass
D01-S001-00513,True,True,pass
D01-S001-00514,True,True,pass
D01-S001-00515,True,True,pass
D01-S001-00516,True,True,pass
D01-S001-00517,True,True,pass
D01-S001-00518,True,True,pass
D01-S001-00519,True,True,pass
D01-S001-00520,True,True,pass
D01-S001-00521,True,True,pass
D01-S001-00522,True,True,pass
D01-S001-00523,True,True,pass
D01-S001-00524,True,True,pass
D01-S001-00525,True,True,pass
D01-S001-00526,True,True,pass
D01-S001-00527,True,True,pass
D01-S001-00528,True,True,pass
D01-S001-00529,True,True,pass
D01-S001-00530,True,True,pass
D01-S001-00531,True,True,pass
D01-S001-00532,True,True,pass
D01-S001-00533,True,True,pass
D01-S001-00534,True,True,pass
D01-S001-00535,True,True,pass
D01-S001-00536,True,True,pass
D01-S001-00537,True,True,pass
D01-S001-00538,True,True,pass
D01-S001-00539,True,True,pass
D01-S001-00540,True,True,pass
D01-S001-00541,True,True,pass
D01-S001-00542,True,True,pass
D01-S001-00543,True,True,pass
D01-S001-00544,True,True,pass
D01-S001-00545,True,True,pass
D01-S001-00546,True,True,pass
D01-S001-00547,True,True,pass
D01-S001-00548,True,True,pass
D01-S001-00549,True,True,pass
D01-S001-00550,True,True,pass
D01-S001-00551,True,True,pass
D01-S001-00552,True,True,pass
D01-S001-00553,True,True,pass
D01-S001-00554,True,True,pass
D01-S001-00555,True,True,pass
D01-S001-00556,True,True,pass
D01-S001-00557,True,True,pass
D01-S001-00558,True,True,pass
D01-S001-00559,True,True,pass
D01-S001-00560,True,True,pass
D01-S001-00561,True,True,pass
D01-S001-00562,True,True,pass
D01-S001-00563,True,True,pass
D01-S001-00564,True,True,pass
D01-S001-00565,True,True,pass
D01-S001-00566,True,True,pass
D01-S001-00567,True,True,pass
D01-S001-00568,True,True,pass
D01-S001-00569,True,True,pass
D01-S001-00570,True,True,pass
D01-S001-00571,True,True,pass
D01-S001-00572,True,True,pass
D01-S001-00573,True,True,pass
D01-S001-00574,True,True,pass
D01-S001-00575,True,True,pass
D01-S001-00576,True,True,pass
D01-S001-00577,True,True,pass
D01-S001-00578,True,True,pass
D01-S001-00579,True,True,pass
D01-S001-00580,True,True,pass
D01-S001-00581,True,True,pass
D01-S001-00582,True,True,pass
D01-S001-00583,True,True,pass
D01-S001-00584,True,True,pass
D01-S001-00585,True,True,pass
D01-S001-00586,True,True,pass
D01-S001-00587,True,True,pass
D01-S001-00588,True,True,pass
D01-S001-00589,True,True,pass
D01-S001-00590,True,True,pass
D01-S001-00591,True,True,pass
D01-S001-00592,True,True,pass
D01-S001-00593,True,True,pass
D01-S001-00594,True,True,pass
D01-S001-00595,True,True,pass
D01-S001-00596,True,True,pass
D01-S001-00597,True,True,pass
D01-S001-00598,True,True,pass
D01-S001-00599,True,True,pass
D01-S001-00600,True,True,pass
D01-S001-00601,True,True,pass
D01-S001-00602,True,True,pass
D01-S001-00603,True,True,pass
D01-S001-00604,True,True,pass
D01-S001-00605,True,True,pass
D01-S001-00606,True,True,pass
D01-S001-00607,True,True,pass
D01-S001-00608,True,True,pass
D01-S001-00609,True,True,pass
D01-S001-00610,True,True,pass
D01-S001-00611,True,True,pass
D01-S001-00612,True,True,pass
D01-S001-00613,True,True,pass
D01-S001-00614,True,True,pass
D01-S001-00615,True,True,pass
D01-S001-00616,True,True,pass
D01-S001-00617,True,True,pass
D01-S001-00618,True,True,pass
D01-S001-00619,True,True,pass
D01-S001-00620,True,True,pass
D01-S001-00621,True,True,pass
D01-S001-00622,True,True,pass
D01-S001-00623,True,True,pass
D01-S001-00624,True,True,pass
D01-S001-00625,True,True,pass
D01-S001-00626,True,True,pass
D01-S001-00627,True,True,pass
D01-S001-00628,True,True,pass
D01-S001-00629,True,True,pass
D01-S001-00630,True,True,pass
D01-S001-00631,True,True,pass
D01-S001-00632,True,True,pass
D01-S001-00633,True,True,pass
D01-S001-00634,True,True,pass
D01-S001-00635,True,True,pass
D01-S001-00636,True,True,pass
D01-S001-00637,True,True,pass
D01-S001-00638,True,True,pass
D01-S001-00639,True,True,pass
D01-S001-00640,True,True,pass
D01-S001-00641,True,True,pass
D01-S001-00642,True,True,pass
D01-S001-00643,True,True,pass
D01-S001-00644,True,True,pass
D01-S001-00645,True,True,pass
D01-S001-00646,True,True,pass
D01-S001-00647,True,True,pass
D01-S001-00648,True,True,pass
D01-S001-00649,True,True,pass
D01-S001-00650,True,True,pass
D01-S001-00651,True,True,pass
D01-S001-00652,True,True,pass
D01-S001-00653,True,True,pass
D01-S001-00654,True,True,pass
D01-S001-00655,True,True,pass
D01-S001-00656,True,True,pass
D01-S001-00657,True,True,pass
D01-S001-00658,True,True,pass
D01-S001-00659,True,True,pass
D01-S001-00660,True,True,pass
D01-S001-00661,True,True,pass
D01-S001-00662,True,True,pass
D01-S001-00663,True,True,pass
D01-S001-00664,True,True,pass
D01-S001-00665,True,True,pass
D01-S001-00666,True,True,pass
D01-S001-00667,True,True,pass
D01-S001-00668,True,True,pass
D01-S001-00669,True,True,pass
D01-S001-00670,True,True,pass
D01-S001-00671,True,True,pass
D01-S001-00672,True,True,pass
D01-S001-00673,True,True,pass
D01-S001-00674,True,True,pass
D01-S001-00675,True,True,pass
D01-S001-00676,True,True,pass
D01-S001-00677,True,True,pass
D01-S001-00678,True,True,pass
D01-S001-00679,True,True,pass
D01-S001-00680,True,True,pass
D01-S001-00681,True,True,pass
D01-S001-00682,True,True,pass
D01-S001-00683,True,True,pass
D01-S001-00684,True,True,pass
D01-S001-00685,True,True,pass
D01-S001-00686,True,True,pass
D01-S001-00687,True,True,pass
D01-S001-00688,True,True,pass
D01-S001-00689,True,True,pass
D01-S001-00690,True,True,pass
D01-S001-00691,True,True,pass
D01-S001-00692,True,True,pass
D01-S001-00693,True,True,pass
D01-S001-00694,True,True,pass
D01-S001-00695,True,True,pass
D01-S001-00696,True,True,pass
D01-S001-00697,True,True,pass
D01-S001-00698,True,True,pass
D01-S001-00699,True,True,pass
D01-S001-00700,True,True,pass
D01-S001-00701,True,True,pass
D01-S001-00702,True,True,pass
D01-S001-00703,True,True,pass
D01-S001-00704,True,True,pass
D01-S001-00705,True,True,pass
D01-S001-00706,True,True,pass
D01-S001-00707,True,True,pass
D01-S001-00708,True,True,pass
D01-S001-00709,True,True,pass
D01-S001-00710,True,True,pass
D01-S001-00711,True,True,pass
D01-S001-00712,True,True,pass
D01-S001-00713,True,True,pass
D01-S001-00714,True,True,pass
D01-S001-00715,True,True,pass
D01-S001-00716,True,True,pass
D01-S001-00717,True,True,pass
D01-S001-00718,True,True,pass
D01-S001-00719,True,True,pass
D01-S001-00720,True,True,pass
D01-S001-00721,True,True,pass
D01-S001-00722,True,True,pass
D01-S001-00723,True,True,pass
D01-S001-00724,True,True,pass
D01-S001-00725,True,True,pass
D01-S001-00726,True,True,pass
D01-S001-00727,True,True,pass
D01-S001-00728,True,True,pass
D01-S001-00729,True,True,pass
D01-S001-00730,True,True,pass
D01-S001-00731,True,True,pass
D01-S001-00732,True,True,pass
D01-S001-00733,True,True,pass
D01-S001-00734,True,True,pass
D01-S001-00735,True,True,pass
D01-S001-00736,True,True,pass
D01-S001-00737,True,True,pass
D01-S001-00738,True,True,pass
D01-S001-00739,True,True,pass
D01-S001-00740,True,True,pass
D01-S001-00741,True,True,pass
D01-S001-00742,True,True,pass
D01-S001-00743,True,True,pass
D01-S001-00744,True,True,pass
D01-S001-00745,True,True,pass
D01-S001-00746,True,True,pass
D01-S001-00747,True,True,pass
D01-S001-00748,True,True,pass
D01-S001-00749,True,True,pass
D01-S001-00750,True,True,pass
D01-S001-00751,True,True,pass
D01-S001-00752,True,True,pass
D01-S001-00753,True,True,pass
D01-S001-00754,True,True,pass
D01-S001-00755,True,True,pass
D01-S001-00756,True,True,pass
D01-S001-00757,True,True,pass
D01-S001-00758,True,True,pass
D01-S001-00759,True,True,pass
D01-S001-00760,True,True,pass
D01-S001-00761,True,True,pass
D01-S001-00762,True,True,pass
D01-S001-00763,True,True,pass
D01-S001-00764,True,True,pass
D01-S001-00765,True,True,pass
D01-S001-00766,True,True,pass
D01-S001-00767,True,True,pass
D01-S001-00768,True,True,pass
D01-S001-00769,True,True,pass
D01-S001-00770,True,True,pass
D01-S001-00771,True,True,pass
D01-S001-00772,True,True,pass
D01-S001-00773,True,True,pass
D01-S001-00774,True,True,pass
D01-S001-00775,True,True,pass
D01-S001-00776,True,True,pass
D01-S001-00777,True,True,pass
D01-S001-00778,True,True,pass
D01-S001-00779,True,True,pass
D01-S001-00780,True,True,pass
D01-S001-00781,True,True,pass
D01-S001-00782,True,True,pass
D01-S001-00783,True,True,pass
D01-S001-00784,True,True,pass
D01-S001-00785,True,True,pass
D01-S001-00786,True,True,pass
D01-S001-00787,True,True,pass
D01-S001-00788,True,True,pass
D01-S001-00789,True,True,pass
D01-S001-00790,True,True,pass
D01-S001-00791,True,True,pass
D01-S001-00792,True,True,pass
D01-S001-00793,True,True,pass
D01-S001-00794,True,True,pass
D01-S001-00795,True,True,pass
D01-S001-00796,True,True,pass
D01-S001-00797,True,True,pass
D01-S001-00798,True,True,pass
D01-S001-00799,True,True,pass
D01-S001-00800,True,True,pass
D01-S001-00801,True,True,pass
D01-S001-00802,True,True,pass
D01-S001-00803,True,True,pass
D01-S001-00804,True,True,pass
D01-S001-00805,True,True,pass
D01-S001-00806,True,True,pass
D01-S001-00807,True,True,pass
D01-S001-00808,True,True,pass
D01-S001-00809,True,True,pass
D01-S001-00810,True,True,pass
D01-S001-00811,True,True,pass
D01-S001-00812,True,True,pass
D01-S001-00813,True,True,pass
D01-S001-00814,True,True,pass
D01-S001-00815,True,True,pass
D01-S001-00816,True,True,pass
D01-S001-00817,True,True,pass
D01-S001-00818,True,True,pass
D01-S001-00819,True,True,pass
D01-S001-00820,True,True,pass
D01-S001-00821,True,True,pass
D01-S001-00822,True,True,pass
D01-S001-00823,True,True,pass
D01-S001-00824,True,True,pass
D01-S001-00825,True,True,pass
D01-S001-00826,True,True,pass
D01-S001-00827,True,True,pass
D01-S001-00828,True,True,pass
D01-S001-00829,True,True,pass
D01-S001-00830,True,True,pass
D01-S001-00831,True,True,pass
D01-S001-00832,True,True,pass
D01-S001-00833,True,True,pass
D01-S001-00834,True,True,pass
D01-S001-00835,True,True,pass
D01-S001-00836,True,True,pass
D01-S001-00837,True,True,pass
D01-S001-00838,True,True,pass
D01-S001-00839,True,True,pass
D01-S001-00840,True,True,pass
D01-S001-00841,True,True,pass
D01-S001-00842,True,True,pass
D01-S001-00843,True,True,pass
D01-S001-00844,True,True,pass
D01-S001-00845,True,True,pass
D01-S001-00846,True,True,pass
D01-S001-00847,True,True,pass
D01-S001-00848,True,True,pass
D01-S001-00849,True,True,pass
D01-S001-00850,True,True,pass
D01-S001-00851,True,True,pass
D01-S001-00852,True,True,pass
D01-S001-00853,True,True,pass
D01-S001-00854,True,True,pass
D01-S001-00855,True,True,pass
D01-S001-00856,True,True,pass
D01-S001-00857,True,True,pass
D01-S001-00858,True,True,pass
D01-S001-00859,True,True,pass
D01-S001-00860,True,True,pass
D01-S001-00861,True,True,pass
D01-S001-00862,True,True,pass
D01-S001-00863,True,True,pass
D01-S001-00864,True,True,pass
D01-S001-00865,True,True,pass
D01-S001-00866,True,True,pass
D01-S001-00867,True,True,pass
D01-S001-00868,True,True,pass
D01-S001-00869,True,True,pass
D01-S001-00870,True,True,pass
D01-S001-00871,True,True,pass
D01-S001-00872,True,True,pass
D01-S001-00873,True,True,pass
D01-S001-00874,True,True,pass
D01-S001-00875,True,True,pass
D01-S001-00876,True,True,pass
D01-S001-00877,True,True,pass
D01-S001-00878,True,True,pass
D01-S001-00879,True,True,pass
D01-S001-00880,True,True,pass
D01-S001-00881,True,True,pass
D01-S001-00882,True,True,pass
D01-S001-00883,True,True,pass
D01-S001-00884,True,True,pass
D01-S001-00885,True,True,pass
D01-S001-00886,True,True,pass
D01-S001-00887,True,True,pass
D01-S001-00888,True,True,pass
D01-S001-00889,True,True,pass
D01-S001-00890,True,True,pass
D01-S001-00891,True,True,pass
D01-S001-00892,True,True,pass
D01-S001-00893,True,True,pass
D01-S001-00894,True,True,pass
D01-S001-00895,True,True,pass
D01-S001-00896,True,True,pass
D01-S001-00897,True,True,pass
D01-S001-00898,True,True,pass
D01-S001-00899,True,True,pass
D01-S001-00900,True,True,pass
D01-S001-00901,True,True,pass
D01-S001-00902,True,True,pass
D01-S001-00903,True,True,pass
D01-S001-00904,True,True,pass
D01-S001-00905,True,True,pass
D01-S001-00906,True,True,pass
D01-S001-00907,True,True,pass
D01-S001-00908,True,True,pass
D01-S001-00909,True,True,pass
D01-S001-00910,True,True,pass
D01-S001-00911,True,True,pass
D01-S001-00912,True,True,pass
D01-S001-00913,True,True,pass
D01-S001-00914,True,True,pass
D01-S001-00915,True,True,pass
D01-S001-00916,True,True,pass
D01-S001-00917,True,True,pass
D01-S001-00918,True,True,pass
D01-S001-00919,True,True,pass
D01-S001-00920,True,True,pass
D01-S001-00921,True,True,pass
D01-S001-00922,True,True,pass
D01-S001-00923,True,True,pass
D01-S001-00924,True,True,pass
D01-S001-00925,True,True,pass
D01-S001-00926,True,True,pass
D01-S001-00927,True,True,pass
D01-S001-00928,True,True,pass
D01-S001-00929,True,True,pass
D01-S001-00930,True,True,pass
D01-S001-00931,True,True,pass
D01-S001-00932,True,True,pass
D01-S001-00933,True,True,pass
D01-S001-00934,True,True,pass
D01-S001-00935,True,True,pass
D01-S001-00936,True,True,pass
D01-S001-00937,True,True,pass
D01-S001-00938,True,True,pass
D01-S001-00939,True,True,pass
D01-S001-00940,True,True,pass
D01-S001-00941,True,True,pass
D01-S001-00942,True,True,pass
D01-S001-00943,True,True,pass
D01-S001-00944,True,True,pass
D01-S001-00945,True,True,pass
D01-S001-00946,True,True,pass
D01-S001-00947,True,True,pass
D01-S001-00948,True,True,pass
D01-S001-00949,True,True,pass
D01-S001-00950,True,True,pass
D01-S001-00951,True,True,pass
D01-S001-00952,True,True,pass
D01-S001-00953,True,True,pass
D01-S001-00954,True,True,pass
D01-S001-00955,True,True,pass
D01-S001-00956,True,True,pass
D01-S001-00957,True,True,pass
D01-S001-00958,True,True,pass
D01-S001-00959,True,True,pass
D01-S001-00960,True,True,pass
D01-S001-00961,True,True,pass
D01-S001-00962,True,True,pass
D01-S001-00963,True,True,pass
D01-S001-00964,True,True,pass
D01-S001-00965,True,True,pass
D01-S001-00966,True,True,pass
D01-S001-00967,True,True,pass
D01-S001-00968,True,True,pass
D01-S001-00969,True,True,pass
D01-S001-00970,True,True,pass
D01-S001-00971,True,True,pass
D01-S001-00972,True,True,pass
D01-S001-00973,True,True,pass
D01-S001-00974,True,True,pass
D01-S001-00975,True,True,pass
D01-S001-00976,True,True,pass
D01-S001-00977,True,True,pass
D01-S001-00978,True,True,pass
D01-S001-00979,True,True,pass
D01-S001-00980,True,True,pass
D01-S001-00981,True,True,pass
D01-S001-00982,True,True,pass
D01-S001-00983,True,True,pass
D01-S001-00984,True,True,pass
D01-S001-00985,True,True,pass
D01-S001-00986,True,True,pass
D01-S001-00987,True,True,pass
D01-S001-00988,True,True,pass
D01-S001-00989,True,True,pass
D01-S001-00990,True,True,pass
D01-S001-00991,True,True,pass
D01-S001-00992,True,True,pass
D01-S001-00993,True,True,pass
D01-S001-00994,True,True,pass
D01-S001-00995,True,True,pass
D01-S001-00996,True,True,pass
D01-S001-00997,True,True,pass
D01-S001-00998,True,True,pass
D01-S001-00999,True,True,pass
D01-S001-01000,True,True,pass
D01-S001-01001,True,True,pass
D01-S001-01002,True,True,pass
D01-S001-01003,True,True,pass
D01-S001-01004,True,True,pass
D01-S001-01005,True,True,pass
D01-S001-01006,True,True,pass
D01-S001-01007,True,True,pass
D01-S001-01008,True,True,pass
D01-S001-01009,True,True,pass
D01-S001-01010,True,True,pass
D01-S001-01011,True,True,pass
D01-S001-01012,True,True,pass
D01-S001-01013,True,True,pass
D01-S001-01014,True,True,pass
D01-S001-01015,True,True,pass
D01-S001-01016,True,True,pass
D01-S001-01017,True,True,pass
D01-S001-01018,True,True,pass
D01-S001-01019,True,True,pass
D01-S001-01020,True,True,pass
D01-S001-01021,True,True,pass
D01-S001-01022,True,True,pass
D01-S001-01023,True,True,pass
D01-S001-01024,True,True,pass
D01-S001-01025,True,True,pass
D01-S001-01026,True,True,pass
D01-S001-01027,True,True,pass
D01-S001-01028,True,True,pass
D01-S001-01029,True,True,pass
D01-S001-01030,True,True,pass
D01-S001-01031,True,True,pass
D01-S001-01032,True,True,pass
D01-S001-01033,True,True,pass
D01-S001-01034,True,True,pass
D01-S001-01035,True,True,pass
D01-S001-01036,True,True,pass
D01-S001-01037,True,True,pass
D01-S001-01038,True,True,pass
D01-S001-01039,True,True,pass
D01-S001-01040,True,True,pass
D01-S001-01041,True,True,pass
D01-S001-01042,True,True,pass
D01-S001-01043,True,True,pass
D01-S001-01044,True,True,pass
D01-S001-01045,True,True,pass
D01-S001-01046,True,True,pass
D01-S001-01047,True,True,pass
D01-S001-01048,True,True,pass
D01-S001-01049,True,True,pass
D01-S001-01050,True,True,pass
D01-S001-01051,True,True,pass
D01-S001-01052,True,True,pass
D01-S001-01053,True,True,pass
D01-S001-01054,True,True,pass
D01-S001-01055,True,True,pass
D01-S001-01056,True,True,pass
D01-S001-01057,True,True,pass
D01-S001-01058,True,True,pass
D01-S001-01059,True,True,pass
D01-S001-01060,True,True,pass
D01-S001-01061,True,True,pass
D01-S001-01062,True,True,pass
D01-S001-01063,True,True,pass
D01-S001-01064,True,True,pass
D01-S001-01065,True,True,pass
D01-S001-01066,True,True,pass
D01-S001-01067,True,True,pass
D01-S001-01068,True,True,pass
D01-S001-01069,True,True,pass
D01-S001-01070,True,True,pass
D01-S001-01071,True,True,pass
D01-S001-01072,True,True,pass
D01-S001-01073,True,True,pass
D01-S001-01074,True,True,pass
D01-S001-01075,True,True,pass
D01-S001-01076,True,True,pass
D01-S001-01077,True,True,pass
D01-S001-01078,True,True,pass
D01-S001-01079,True,True,pass
D01-S001-01080,True,True,pass
D01-S001-01081,True,True,pass
D01-S001-01082,True,True,pass
D01-S001-01083,True,True,pass
D01-S001-01084,True,True,pass
D01-S001-01085,True,True,pass
D01-S001-01086,True,True,pass
D01-S001-01087,True,True,pass
D01-S001-01088,True,True,pass
D01-S001-01089,True,True,pass
D01-S001-01090,True,True,pass
D01-S001-01091,True,True,pass
D01-S001-01092,True,True,pass
D01-S001-01093,True,True,pass
D01-S001-01094,True,True,pass
D01-S001-01095,True,True,pass
D01-S001-01096,True,True,pass
D01-S001-01097,True,True,pass
D01-S001-01098,True,True,pass
D01-S001-01099,True,True,pass
D01-S001-01100,True,True,pass
D01-S001-01101,True,True,pass
D01-S001-01102,True,True,pass
D01-S001-01103,True,True,pass
D01-S001-01104,True,True,pass
D01-S001-01105,True,True,pass
D01-S001-01106,True,True,pass
D01-S001-01107,True,True,pass
D01-S001-01108,True,True,pass
D01-S001-01109,True,True,pass
D01-S001-01110,True,True,pass
D01-S001-01111,True,True,pass
D01-S001-01112,True,True,pass
D01-S001-01113,True,True,pass
D01-S001-01114,True,True,pass
D01-S001-01115,True,True,pass
D01-S001-01116,True,True,pass
D01-S001-01117,True,True,pass
D01-S001-01118,True,True,pass
D01-S001-01119,True,True,pass
D01-S001-01120,True,True,pass
D01-S001-01121,True,True,pass
D01-S001-01122,True,True,pass
D01-S001-01123,True,True,pass
D01-S001-01124,True,True,pass
D01-S001-01125,True,True,pass
D01-S001-01126,True,True,pass
D01-S001-01127,True,True,pass
D01-S001-01128,True,True,pass
D01-S001-01129,True,True,pass
D01-S001-01130,True,True,pass
D01-S001-01131,True,True,pass
D01-S001-01132,True,True,pass
D01-S001-01133,True,True,pass
D01-S001-01134,True,True,pass
D01-S001-01135,True,True,pass
D01-S001-01136,True,True,pass
D01-S001-01137,True,True,pass
D01-S001-01138,True,True,pass
D01-S001-01139,True,True,pass
D01-S001-01140,True,True,pass
D01-S001-01141,True,True,pass
D01-S001-01142,True,True,pass
D01-S001-01143,True,True,pass
D01-S001-01144,True,True,pass
D01-S001-01145,True,True,pass
D01-S001-01146,True,True,pass
D01-S001-01147,True,True,pass
D01-S001-01148,True,True,pass
D01-S001-01149,True,True,pass
D01-S001-01150,True,True,pass
D01-S001-01151,True,True,pass
D01-S001-01152,True,True,pass
D01-S001-01153,True,True,pass
D01-S001-01154,True,True,pass
D01-S001-01155,True,True,pass
D01-S001-01156,True,True,pass
D01-S001-01157,True,True,pass
D01-S001-01158,True,True,pass
D01-S001-01159,True,True,pass
D01-S001-01160,True,True,pass
D01-S001-01161,True,True,pass
D01-S001-01162,True,True,pass
D01-S001-01163,True,True,pass
D01-S001-01164,True,True,pass
D01-S001-01165,True,True,pass
D01-S001-01166,True,True,pass
D01-S001-01167,True,True,pass
D01-S001-01168,True,True,pass
D01-S001-01169,True,True,pass
D01-S001-01170,True,True,pass
D01-S001-01171,True,True,pass
D01-S001-01172,True,True,pass
D01-S001-01173,True,True,pass
D01-S001-01174,True,True,pass
D01-S001-01175,True,True,pass
D01-S001-01176,True,True,pass
D01-S001-01177,True,True,pass
D01-S001-01178,True,True,pass
D01-S001-01179,True,True,pass
D01-S001-01180,True,True,pass
D01-S001-01181,True,True,pass
D01-S001-01182,True,True,pass
D01-S001-01183,True,True,pass
D01-S001-01184,True,True,pass
D01-S001-01185,True,True,pass
D01-S001-01186,True,True,pass
D01-S001-01187,True,True,pass
D01-S001-01188,True,True,pass
D01-S001-01189,True,True,pass
D01-S001-01190,True,True,pass
D01-S001-01191,True,True,pass
D01-S001-01192,True,True,pass
D01-S001-01193,True,True,pass
D01-S001-01194,True,True,pass
D01-S001-01195,True,True,pass
D01-S001-01196,True,True,pass
D01-S001-01197,True,True,pass
D01-S001-01198,True,True,pass
D01-S001-01199,True,True,pass
D01-S001-01200,True,True,pass
D01-S001-01201,True,True,pass
D01-S001-01202,True,True,pass
D01-S001-01203,True,True,pass
D01-S001-01204,True,True,pass
D01-S001-01205,True,True,pass
D01-S001-01206,True,True,pass
D01-S001-01207,True,True,pass
D01-S001-01208,True,True,pass
D01-S001-01209,True,True,pass
D01-S001-01210,True,True,pass
D01-S001-01211,True,True,pass
D01-S001-01212,True,True,pass
D01-S001-01213,True,True,pass
D01-S001-01214,True,True,pass
D01-S001-01215,True,True,pass
D01-S001-01216,True,True,pass
D01-S001-01217,True,True,pass
D01-S001-01218,True,True,pass
D01-S001-01219,True,True,pass
D01-S001-01220,True,True,pass
D01-S001-01221,True,True,pass
D01-S001-01222,True,True,pass
D01-S001-01223,True,True,pass
D01-S001-01224,True,True,pass
D01-S001-01225,True,True,pass
D01-S001-01226,True,True,pass
D01-S001-01227,True,True,pass
D01-S001-01228,True,True,pass
D01-S001-01229,True,True,pass
D01-S001-01230,True,True,pass
D01-S001-01231,True,True,pass
D01-S001-01232,True,True,pass
D01-S001-01233,True,True,pass
D01-S001-01234,True,True,pass
D01-S001-01235,True,True,pass
D01-S001-01236,True,True,pass
D01-S001-01237,True,True,pass
D01-S001-01238,True,True,pass
D01-S001-01239,True,True,pass
D01-S001-01240,True,True,pass
D01-S001-01241,True,True,pass
D01-S001-01242,True,True,pass
D01-S001-01243,True,True,pass
D01-S001-01244,True,True,pass
D01-S001-01245,True,True,pass
D01-S001-01246,True,True,pass
D01-S001-01247,True,True,pass
D01-S001-01248,True,True,pass
D01-S001-01249,True,True,pass
D01-S001-01250,True,True,pass
D01-S001-01251,True,True,pass
D01-S001-01252,True,True,pass
D01-S001-01253,True,True,pass
D01-S001-01254,True,True,pass
D01-S001-01255,True,True,pass
D01-S001-01256,True,True,pass
D01-S001-01257,True,True,pass
D01-S001-01258,True,True,pass
D01-S001-01259,True,True,pass
D01-S001-01260,True,True,pass
D01-S001-01261,True,True,pass
D01-S001-01262,True,True,pass
D01-S001-01263,True,True,pass
D01-S001-01264,True,True,pass
D01-S001-01265,True,True,pass
D01-S001-01266,True,True,pass
D01-S001-01267,True,True,pass
D01-S001-01268,True,True,pass
D01-S001-01269,True,True,pass
D01-S001-01270,True,True,pass
D01-S001-01271,True,True,pass
D01-S001-01272,True,True,pass
D01-S001-01273,True,True,pass
D01-S001-01274,True,True,pass
D01-S001-01275,True,True,pass
D01-S001-01276,True,True,pass
D01-S001-01277,True,True,pass
D01-S001-01278,True,True,pass
D01-S001-01279,True,True,pass
D01-S001-01280,True,True,pass
D01-S001-01281,True,True,pass
D01-S001-01282,True,True,pass
D01-S001-01283,True,True,pass
D01-S001-01284,True,True,pass
D01-S001-01285,True,True,pass
D01-S001-01286,True,True,pass
D01-S001-01287,True,True,pass
D01-S001-01288,True,True,pass
D01-S001-01289,True,True,pass
D01-S001-01290,True,True,pass
D01-S001-01291,True,True,pass
D01-S001-01292,True,True,pass
D01-S001-01293,True,True,pass
D01-S001-01294,True,True,pass
D01-S001-01295,True,True,pass
D01-S001-01296,True,True,pass
D01-S001-01297,True,True,pass
D01-S001-01298,True,True,pass
D01-S001-01299,True,True,pass
D01-S001-01300,True,True,pass
D01-S001-01301,True,True,pass
D01-S001-01302,True,True,pass
D01-S001-01303,True,True,pass
D01-S001-01304,True,True,pass
D01-S001-01305,True,True,pass
D01-S001-01306,True,True,pass
D01-S001-01307,True,True,pass
D01-S001-01308,True,True,pass
D01-S001-01309,True,True,pass
D01-S001-01310,True,True,pass
D01-S001-01311,True,True,pass
D01-S001-01312,True,True,pass
D01-S001-01313,True,True,pass
D01-S001-01314,True,True,pass
D01-S001-01315,True,True,pass
D01-S001-01316,True,True,pass
D01-S001-01317,True,True,pass
D01-S001-01318,True,True,pass
D01-S001-01319,True,True,pass
D01-S001-01320,True,True,pass
D01-S001-01321,True,True,pass
D01-S001-01322,True,True,pass
D01-S001-01323,True,True,pass
D01-S001-01324,True,True,pass
D01-S001-01325,True,True,pass
D01-S001-01326,True,True,pass
D01-S001-01327,True,True,pass
D01-S001-01328,True,True,pass
D01-S001-01329,True,True,pass
D01-S001-01330,True,True,pass
D01-S001-01331,True,True,pass
D01-S001-01332,True,True,pass
D01-S001-01333,True,True,pass
D01-S001-01334,True,True,pass
D01-S001-01335,True,True,pass
D01-S001-01336,True,True,pass
D01-S001-01337,True,True,pass
D01-S001-01338,True,True,pass
D01-S001-01339,True,True,pass
D01-S001-01340,True,True,pass
D01-S001-01341,True,True,pass
D01-S001-01342,True,True,pass
D01-S001-01343,True,True,pass
D01-S001-01344,True,True,pass
D01-S001-01345,True,True,pass
D01-S001-01346,True,True,pass
D01-S001-01347,True,True,pass
D01-S001-01348,True,True,pass
D01-S001-01349,True,True,pass
D01-S001-01350,True,True,pass
D01-S001-01351,True,True,pass
D01-S001-01352,True,True,pass
D01-S001-01353,True,True,pass
D01-S001-01354,True,True,pass
D01-S001-01355,True,True,pass
D01-S001-01356,True,True,pass
D01-S001-01357,True,True,pass
D01-S001-01358,True,True,pass
D01-S001-01359,True,True,pass
D01-S001-01360,True,True,pass
D01-S001-01361,True,True,pass
D01-S001-01362,True,True,pass
D01-S001-01363,True,True,pass
D01-S001-01364,True,True,pass
D01-S001-01365,True,True,pass
D01-S001-01366,True,True,pass
D01-S001-01367,True,True,pass
D01-S001-01368,True,True,pass
D01-S001-01369,True,True,pass
D01-S001-01370,True,True,pass
D01-S001-01371,True,True,pass
D01-S001-01372,True,True,pass
D01-S001-01373,True,True,pass
D01-S001-01374,True,True,pass
D01-S001-01375,True,True,pass
D01-S001-01376,True,True,pass
D01-S001-01377,True,True,pass
D01-S001-01378,True,True,pass
D01-S001-01379,True,True,pass
D01-S001-01380,True,True,pass
D01-S001-01381,True,True,pass
D01-S001-01382,True,True,pass
D01-S001-01383,True,True,pass
D01-S001-01384,True,True,pass
D01-S001-01385,True,True,pass
D01-S001-01386,True,True,pass
D01-S001-01387,True,True,pass
D01-S001-01388,True,True,pass
D01-S001-01389,True,True,pass
D01-S001-01390,True,True,pass
D01-S001-01391,True,True,pass
D01-S001-01392,True,True,pass
D01-S001-01393,True,True,pass
D01-S001-01394,True,True,pass
D01-S001-01395,True,True,pass
D01-S001-01396,True,True,pass
D01-S001-01397,True,True,pass
D01-S001-01398,True,True,pass
D01-S001-01399,True,True,pass
D01-S001-01400,True,True,pass
D01-S001-01401,True,True,pass
D01-S001-01402,True,True,pass
D01-S001-01403,True,True,pass
D01-S001-01404,True,True,pass
D01-S001-01405,True,True,pass
D01-S001-01406,True,True,pass
D01-S001-01407,True,True,pass
D01-S001-01408,True,True,pass
D01-S001-01409,True,True,pass
D01-S001-01410,True,True,pass
D01-S001-01411,True,True,pass
D01-S001-01412,True,True,pass
D01-S001-01413,True,True,pass
D01-S001-01414,True,True,pass
D01-S001-01415,True,True,pass
D01-S001-01416,True,True,pass
D01-S001-01417,True,True,pass
D01-S001-01418,True,True,pass
D01-S001-01419,True,True,pass
D01-S001-01420,True,True,pass
D01-S001-01421,True,True,pass
D01-S001-01422,True,True,pass
D01-S001-01423,True,True,pass
D01-S001-01424,True,True,pass
D01-S001-01425,True,True,pass
D01-S001-01426,True,True,pass
D01-S001-01427,True,True,pass
D01-S001-01428,True,True,pass
D01-S001-01429,True,True,pass
D01-S001-01430,True,True,pass
D01-S001-01431,True,True,pass
D01-S001-01432,True,True,pass
D01-S001-01433,True,True,pass
D01-S001-01434,True,True,pass
D01-S001-01435,True,True,pass
D01-S001-01436,True,True,pass
D01-S001-01437,True,True,pass
D01-S001-01438,True,True,pass
D01-S001-01439,True,True,pass
D01-S001-01440,True,True,pass
D01-S001-01441,True,True,pass
D01-S001-01442,True,True,pass
D01-S001-01443,True,True,pass
D01-S001-01444,True,True,pass
D01-S001-01445,True,True,pass
D01-S001-01446,True,True,pass
D01-S001-01447,True,True,pass
D01-S001-01448,True,True,pass
D01-S001-01449,True,True,pass
D01-S001-01450,True,True,pass
D01-S001-01451,True,True,pass
D01-S001-01452,True,True,pass
D01-S001-01453,True,True,pass
D01-S001-01454,True,True,pass
D01-S001-01455,True,True,pass
D01-S001-01456,True,True,pass
D01-S001-01457,True,True,pass
D01-S001-01458,True,True,pass
D01-S001-01459,True,True,pass
D01-S001-01460,True,True,pass
D01-S001-01461,True,True,pass
D01-S001-01462,True,True,pass
D01-S001-01463,True,True,pass
D01-S001-01464,True,True,pass
D01-S001-01465,True,True,pass
D01-S001-01466,True,True,pass
D01-S001-01467,True,True,pass
D01-S001-01468,True,True,pass
D01-S001-01469,True,True,pass
D01-S001-01470,True,True,pass
D01-S001-01471,True,True,pass
D01-S001-01472,True,True,pass
D01-S001-01473,True,True,pass
D01-S001-01474,True,True,pass
D01-S001-01475,True,True,pass
D01-S001-01476,True,True,pass
D01-S001-01477,True,True,pass
D01-S001-01478,True,True,pass
D01-S001-01479,True,True,pass
D01-S001-01480,True,True,pass
D01-S001-01481,True,True,pass
D01-S001-01482,True,True,pass
D01-S001-01483,True,True,pass
D01-S001-01484,True,True,pass
D01-S001-01485,True,True,pass
D01-S001-01486,True,True,pass
D01-S001-01487,True,True,pass
D01-S001-01488,True,True,pass
D01-S001-01489,True,True,pass
D01-S001-01490,True,True,pass
D01-S001-01491,True,True,pass
D01-S001-01492,True,True,pass
D01-S001-01493,True,True,pass
D01-S001-01494,True,True,pass
D01-S001-01495,True,True,pass
D01-S001-01496,True,True,pass
D01-S001-01497,True,True,pass
D01-S001-01498,True,True,pass
D01-S001-01499,True,True,pass
D01-S001-01500,True,True,pass
D01-S001-01501,True,True,pass
D01-S001-01502,True,True,pass
D01-S001-01503,True,True,pass
D01-S001-01504,True,True,pass
D01-S001-01505,True,True,pass
D01-S001-01506,True,True,pass
D01-S001-01507,True,True,pass
D01-S001-01508,True,True,pass
D01-S001-01509,True,True,pass
D01-S001-01510,True,True,pass
D01-S001-01511,True,True,pass
D01-S001-01512,True,True,pass
D01-S001-01513,True,True,pass
D01-S001-01514,True,True,pass
D01-S001-01515,True,True,pass
D01-S001-01516,True,True,pass
D01-S001-01517,True,True,pass
D01-S001-01518,True,True,pass
D01-S001-01519,True,True,pass
D01-S001-01520,True,True,pass
D01-S001-01521,True,True,pass
D01-S001-01522,True,True,pass
D01-S001-01523,True,True,pass
D01-S001-01524,True,True,pass
D01-S001-01525,True,True,pass
D01-S001-01526,True,True,pass
D01-S001-01527,True,True,pass
D01-S001-01528,True,True,pass
D01-S001-01529,True,True,pass
D01-S001-01530,True,True,pass
D01-S001-01531,True,True,pass
D01-S001-01532,True,True,pass
D01-S001-01533,True,True,pass
D01-S001-01534,True,True,pass
D01-S001-01535,True,True,pass
D01-S001-01536,True,True,pass
D01-S001-01537,True,True,pass
D01-S001-01538,True,True,pass
D01-S001-01539,True,True,pass
D01-S001-01540,True,True,pass
D01-S001-01541,True,True,pass
D01-S001-01542,True,True,pass
D01-S001-01543,True,True,pass
D01-S001-01544,True,True,pass
D01-S001-01545,True,True,pass
D01-S001-01546,True,True,pass
D01-S001-01547,True,True,pass
D01-S001-01548,True,True,pass
D01-S001-01549,True,True,pass
D01-S001-01550,True,True,pass
D01-S001-01551,True,True,pass
D01-S001-01552,True,True,pass
D01-S001-01553,True,True,pass
D01-S001-01554,True,True,pass
D01-S001-01555,True,True,pass
D01-S001-01556,True,True,pass
D01-S001-01557,True,True,pass
D01-S001-01558,True,True,pass
D01-S001-01559,True,True,pass
D01-S001-01560,True,True,pass
D01-S001-01561,True,True,pass
D01-S001-01562,True,True,pass
D01-S001-01563,True,True,pass
D01-S001-01564,True,True,pass
D01-S001-01565,True,True,pass
D01-S001-01566,True,True,pass
D01-S001-01567,True,True,pass
D01-S001-01568,True,True,pass
D01-S001-01569,True,True,pass
D01-S001-01570,True,True,pass
D01-S001-01571,True,True,pass
D01-S001-01572,True,True,pass
D01-S001-01573,True,True,pass
D01-S001-01574,True,True,pass
D01-S001-01575,True,True,pass
D01-S001-01576,True,True,pass
D01-S001-01577,True,True,pass
D01-S001-01578,True,True,pass
D01-S001-01579,True,True,pass
D01-S001-01580,True,True,pass
D01-S001-01581,True,True,pass
D01-S001-01582,True,True,pass
D01-S001-01583,True,True,pass
D01-S001-01584,True,True,pass
D01-S001-01585,True,True,pass
D01-S001-01586,True,True,pass
D01-S001-01587,True,True,pass
D01-S001-01588,True,True,pass
D01-S001-01589,True,True,pass
D01-S001-01590,True,True,pass
D01-S001-01591,True,True,pass
D01-S001-01592,True,True,pass
D01-S001-01593,True,True,pass
D01-S001-01594,True,True,pass
D01-S001-01595,True,True,pass
D01-S001-01596,True,True,pass
D01-S001-01597,True,True,pass
D01-S001-01598,True,True,pass
D01-S001-01599,True,True,pass
D01-S001-01600,True,True,pass
D01-S001-01601,True,True,pass
D01-S001-01602,True,True,pass
D01-S001-01603,True,True,pass
D01-S001-01604,True,True,pass
D01-S001-01605,True,True,pass
D01-S001-01606,True,True,pass
D01-S001-01607,True,True,pass
D01-S001-01608,True,True,pass
D01-S001-01609,True,True,pass
D01-S001-01610,True,True,pass
D01-S001-01611,True,True,pass
D01-S001-01612,True,True,pass
D01-S001-01613,True,True,pass
D01-S001-01614,True,True,pass
D01-S001-01615,True,True,pass
D01-S001-01616,True,True,pass
D01-S001-01617,True,True,pass
D01-S001-01618,True,True,pass
D01-S001-01619,True,True,pass
D01-S001-01620,True,True,pass
D01-S001-01621,True,True,pass
D01-S001-01622,True,True,pass
D01-S001-01623,True,True,pass
D01-S001-01624,True,True,pass
D01-S001-01625,True,True,pass
D01-S001-01626,True,True,pass
D01-S001-01627,True,True,pass
D01-S001-01628,True,True,pass
D01-S001-01629,True,True,pass
D01-S001-01630,True,True,pass
D01-S001-01631,True,True,pass
D01-S001-01632,True,True,pass
D01-S001-01633,True,True,pass
D01-S001-01634,True,True,pass
D01-S001-01635,True,True,pass
D01-S001-01636,True,True,pass
D01-S001-01637,True,True,pass
D01-S001-01638,True,True,pass
D01-S001-01639,True,True,pass
D01-S001-01640,True,True,pass
D01-S001-01641,True,True,pass
D01-S001-01642,True,True,pass
D01-S001-01643,True,True,pass
D01-S001-01644,True,True,pass
D01-S001-01645,True,True,pass
D01-S001-01646,True,True,pass
D01-S001-01647,True,True,pass
D01-S001-01648,True,True,pass
D01-S001-01649,True,True,pass
D01-S001-01650,True,True,pass
D01-S001-01651,True,True,pass
D01-S001-01652,True,True,pass
D01-S001-01653,True,True,pass
D01-S001-01654,True,True,pass
D01-S001-01655,True,True,pass
D01-S001-01656,True,True,pass
D01-S001-01657,True,True,pass
D01-S001-01658,True,True,pass
D01-S001-01659,True,True,pass
D01-S001-01660,True,True,pass
D01-S001-01661,True,True,pass
D01-S001-01662,True,True,pass
D01-S001-01663,True,True,pass
D01-S001-01664,True,True,pass
D01-S001-01665,True,True,pass
D01-S001-01666,True,True,pass
D01-S001-01667,True,True,pass
D01-S001-01668,True,True,pass
D01-S001-01669,True,True,pass
D01-S001-01670,True,True,pass
D01-S001-01671,True,True,pass
D01-S001-01672,True,True,pass
D01-S001-01673,True,True,pass
D01-S001-01674,True,True,pass
D01-S001-01675,True,True,pass
D01-S001-01676,True,True,pass
D01-S001-01677,True,True,pass
D01-S001-01678,True,True,pass
D01-S001-01679,True,True,pass
D01-S001-01680,True,True,pass
D01-S001-01681,True,True,pass
D01-S001-01682,True,True,pass
D01-S001-01683,True,True,pass
D01-S001-01684,True,True,pass
D01-S001-01685,True,True,pass
D01-S001-01686,True,True,pass
D01-S001-01687,True,True,pass
D01-S001-01688,True,True,pass
D01-S001-01689,True,True,pass
D01-S001-01690,True,True,pass
D01-S001-01691,True,True,pass
D01-S001-01692,True,True,pass
D01-S001-01693,True,True,pass
D01-S001-01694,True,True,pass
D01-S001-01695,True,True,pass
D01-S001-01696,True,True,pass
D01-S001-01697,True,True,pass
D01-S001-01698,True,True,pass
D01-S001-01699,True,True,pass
D01-S001-01700,True,True,pass
D01-S001-01701,True,True,pass
D01-S001-01702,True,True,pass
D01-S001-01703,True,True,pass
D01-S001-01704,True,True,pass
D01-S001-01705,True,True,pass
D01-S001-01706,True,True,pass
D01-S001-01707,True,True,pass
D01-S001-01708,True,True,pass
D01-S001-01709,True,True,pass
D01-S001-01710,True,True,pass
D01-S001-01711,True,True,pass
D01-S001-01712,True,True,pass
D01-S001-01713,True,True,pass
D01-S001-01714,True,True,pass
D01-S001-01715,True,True,pass
D01-S001-01716,True,True,pass
D01-S001-01717,True,True,pass
D01-S001-01718,True,True,pass
D01-S001-01719,True,True,pass
D01-S001-01720,True,True,pass
D01-S001-01721,True,True,pass
D01-S001-01722,True,True,pass
D01-S001-01723,True,True,pass
D01-S001-01724,True,True,pass
D01-S001-01725,True,True,pass
D01-S001-01726,True,True,pass
D01-S001-01727,True,True,pass
D01-S001-01728,True,True,pass
D01-S001-01729,True,True,pass
D01-S001-01730,True,True,pass
D01-S001-01731,True,True,pass
D01-S001-01732,True,True,pass
D01-S001-01733,True,True,pass
D01-S001-01734,True,True,pass
D01-S001-01735,True,True,pass
D01-S001-01736,True,True,pass
D01-S001-01737,True,True,pass
D01-S001-01738,True,True,pass
D01-S001-01739,True,True,pass
D01-S001-01740,True,True,pass
D01-S001-01741,True,True,pass
D01-S001-01742,True,True,pass
D01-S001-01743,True,True,pass
D01-S001-01744,True,True,pass
D01-S001-01745,True,True,pass
D01-S001-01746,True,True,pass
D01-S001-01747,True,True,pass
D01-S001-01748,True,True,pass
D01-S001-01749,True,True,pass
D01-S001-01750,True,True,pass
D01-S001-01751,True,True,pass
D01-S001-01752,True,True,pass
D01-S001-01753,True,True,pass
D01-S001-01754,True,True,pass
D01-S001-01755,True,True,pass
D01-S001-01756,True,True,pass
D01-S001-01757,True,True,pass
D01-S001-01758,True,True,pass
D01-S001-01759,True,True,pass
D01-S001-01760,True,True,pass
D01-S001-01761,True,True,pass
D01-S001-01762,True,True,pass
D01-S001-01763,True,True,pass
D01-S001-01764,True,True,pass
D01-S001-01765,True,True,pass
D01-S001-01766,True,True,pass
D01-S001-01767,True,True,pass
D01-S001-01768,True,True,pass
D01-S001-01769,True,True,pass
D01-S001-01770,True,True,pass
D01-S001-01771,True,True,pass
D01-S001-01772,True,True,pass
D01-S001-01773,True,True,pass
D01-S001-01774,True,True,pass
D01-S001-01775,True,True,pass
D01-S001-01776,True,True,pass
D01-S001-01777,True,True,pass
D01-S001-01778,True,True,pass
D01-S001-01779,True,True,pass
D01-S001-01780,True,True,pass
D01-S001-01781,True,True,pass
D01-S001-01782,True,True,pass
D01-S001-01783,True,True,pass
D01-S001-01784,True,True,pass
D01-S001-01785,True,True,pass
D01-S001-01786,True,True,pass
D01-S001-01787,True,True,pass
D01-S001-01788,True,True,pass
D01-S001-01789,True,True,pass
D01-S001-01790,True,True,pass
D01-S001-01791,True,True,pass
D01-S001-01792,True,True,pass
D01-S001-01793,True,True,pass
D01-S001-01794,True,True,pass
D01-S001-01795,True,True,pass
D01-S001-01796,True,True,pass
D01-S001-01797,True,True,pass
D01-S001-01798,True,True,pass
D01-S001-01799,True,True,pass
D01-S001-01800,True,True,pass
D01-S001-01801,True,True,pass
D01-S001-01802,True,True,pass
D01-S001-01803,True,True,pass
D01-S001-01804,True,True,pass
D01-S001-01805,True,True,pass
D01-S001-01806,True,True,pass
D01-S001-01807,True,True,pass
D01-S001-01808,True,True,pass
D01-S001-01809,True,True,pass
D01-S001-01810,True,True,pass
D01-S001-01811,True,True,pass
D01-S001-01812,True,True,pass
D01-S001-01813,True,True,pass
D01-S001-01814,True,True,pass
D01-S001-01815,True,True,pass
D01-S001-01816,True,True,pass
D01-S001-01817,True,True,pass
D01-S001-01818,True,True,pass
D01-S001-01819,True,True,pass
D01-S001-01820,True,True,pass
D01-S001-01821,True,True,pass
D01-S001-01822,True,True,pass
D01-S001-01823,True,True,pass
D01-S001-01824,True,True,pass
D01-S001-01825,True,True,pass
D01-S001-01826,True,True,pass
D01-S001-01827,True,True,pass
D01-S001-01828,True,True,pass
D01-S001-01829,True,True,pass
D01-S001-01830,True,True,pass
D01-S001-01831,True,True,pass
D01-S001-01832,True,True,pass
D01-S001-01833,True,True,pass
D01-S001-01834,True,True,pass
D01-S001-01835,True,True,pass
D01-S001-01836,True,True,pass
D01-S001-01837,True,True,pass
D01-S001-01838,True,True,pass
D01-S001-01839,True,True,pass
D01-S001-01840,True,True,pass
D01-S001-01841,True,True,pass
D01-S001-01842,True,True,pass
D01-S001-01843,True,True,pass
D01-S001-01844,True,True,pass
D01-S001-01845,True,True,pass
D01-S001-01846,True,True,pass
D01-S001-01847,True,True,pass
D01-S001-01848,True,True,pass
D01-S001-01849,True,True,pass
D01-S001-01850,True,True,pass
D01-S001-01851,True,True,pass
D01-S001-01852,True,True,pass
D01-S001-01853,True,True,pass
D01-S001-01854,True,True,pass
D01-S001-01855,True,True,pass
D01-S001-01856,True,True,pass
D01-S001-01857,True,True,pass
D01-S001-01858,True,True,pass
D01-S001-01859,True,True,pass
D01-S001-01860,True,True,pass
D01-S001-01861,True,True,pass
D01-S001-01862,True,True,pass
D01-S001-01863,True,True,pass
D01-S001-01864,True,True,pass
D01-S001-01865,True,True,pass
D01-S001-01866,True,True,pass
D01-S001-01867,True,True,pass
D01-S001-01868,True,True,pass
D01-S001-01869,True,True,pass
D01-S001-01870,True,True,pass
D01-S001-01871,True,True,pass
D01-S001-01872,True,True,pass
D01-S001-01873,True,True,pass
D01-S001-01874,True,True,pass
D01-S001-01875,True,True,pass
D01-S001-01876,True,True,pass
D01-S001-01877,True,True,pass
D01-S001-01878,True,True,pass
D01-S001-01879,True,True,pass
D01-S001-01880,True,True,pass
D01-S001-01881,True,True,pass
D01-S001-01882,True,True,pass
D01-S001-01883,True,True,pass
D01-S001-01884,True,True,pass
D01-S001-01885,True,True,pass
D01-S001-01886,True,True,pass
D01-S001-01887,True,True,pass
D01-S001-01888,True,True,pass
D01-S001-01889,True,True,pass
D01-S001-01890,True,True,pass
D01-S001-01891,True,True,pass
D01-S001-01892,True,True,pass
D01-S001-01893,True,True,pass
D01-S001-01894,True,True,pass
D01-S001-01895,True,True,pass
D01-S001-01896,True,True,pass
D01-S001-01897,True,True,pass
D01-S001-01898,True,True,pass
D01-S001-01899,True,True,pass
D01-S001-01900,True,True,pass
D01-S001-01901,True,True,pass
D01-S001-01902,True,True,pass
D01-S001-01903,True,True,pass
D01-S001-01904,True,True,pass
D01-S001-01905,True,True,pass
D01-S001-01906,True,True,pass
D01-S001-01907,True,True,pass
D01-S001-01908,True,True,pass
D01-S001-01909,True,True,pass
D01-S001-01910,True,True,pass
D01-S001-01911,True,True,pass
D01-S001-01912,True,True,pass
D01-S001-01913,True,True,pass
D01-S001-01914,True,True,pass
D01-S001-01915,True,True,pass
D01-S001-01916,True,True,pass
D01-S001-01917,True,True,pass
D01-S001-01918,True,True,pass
D01-S001-01919,True,True,pass
D01-S001-01920,True,True,pass
D01-S001-01921,True,True,pass
D01-S001-01922,True,True,pass
D01-S001-01923,True,True,pass
D01-S001-01924,True,True,pass
D01-S001-01925,True,True,pass
D01-S001-01926,True,True,pass
D01-S001-01927,True,True,pass
D01-S001-01928,True,True,pass
D01-S001-01929,True,True,pass
D01-S001-01930,True,True,pass
D01-S001-01931,True,True,pass
D01-S001-01932,True,True,pass
D01-S001-01933,True,True,pass
D01-S001-01934,True,True,pass
D01-S001-01935,True,True,pass
D01-S001-01936,True,True,pass
D01-S001-01937,True,True,pass
D01-S001-01938,True,True,pass
D01-S001-01939,True,True,pass
D01-S001-01940,True,True,pass
D01-S001-01941,True,True,pass
D01-S001-01942,True,True,pass
D01-S001-01943,True,True,pass
D01-S001-01944,True,True,pass
D01-S001-01945,True,True,pass
D01-S001-01946,True,True,pass
D01-S001-01947,True,True,pass
D01-S001-01948,True,True,pass
D01-S001-01949,True,True,pass
D01-S001-01950,True,True,pass
D01-S001-01951,True,True,pass
D01-S001-01952,True,True,pass
D01-S001-01953,True,True,pass
D01-S001-01954,True,True,pass
D01-S001-01955,True,True,pass
D01-S001-01956,True,True,pass
D01-S001-01957,True,True,pass
D01-S001-01958,True,True,pass
D01-S001-01959,True,True,pass
D01-S001-01960,True,True,pass
D01-S001-01961,True,True,pass
D01-S001-01962,True,True,pass
D01-S001-01963,True,True,pass
D01-S001-01964,True,True,pass
D01-S001-01965,True,True,pass
D01-S001-01966,True,True,pass
D01-S001-01967,True,True,pass
D01-S001-01968,True,True,pass
D01-S001-01969,True,True,pass
D01-S001-01970,True,True,pass
D01-S001-01971,True,True,pass
D01-S001-01972,True,True,pass
D01-S001-01973,True,True,pass
D01-S001-01974,True,True,pass
D01-S001-01975,True,True,pass
D01-S001-01976,True,True,pass
D01-S001-01977,True,True,pass
D01-S001-01978,True,True,pass
D01-S001-01979,True,True,pass
D01-S001-01980,True,True,pass
D01-S001-01981,True,True,pass
D01-S001-01982,True,True,pass
D01-S001-01983,True,True,pass
D01-S001-01984,True,True,pass
D01-S001-01985,True,True,pass
D01-S001-01986,True,True,pass
D01-S001-01987,True,True,pass
D01-S001-01988,True,True,pass
D01-S001-01989,True,True,pass
D01-S001-01990,True,True,pass
D01-S001-01991,True,True,pass
D01-S001-01992,True,True,pass
D01-S001-01993,True,True,pass
D01-S001-01994,True,True,pass
D01-S001-01995,True,True,pass
D01-S001-01996,True,True,pass
D01-S001-01997,True,True,pass
D01-S001-01998,True,True,pass
D01-S001-01999,True,True,pass
D01-S001-02000,True,True,pass
D01-S001-02001,True,True,pass
D01-S001-02002,True,True,pass
D01-S001-02003,True,True,pass
D01-S001-02004,True,True,pass
D01-S001-02005,True,True,pass
D01-S001-02006,True,True,pass
D01-S001-02007,True,True,pass
D01-S001-02008,True,True,pass
D01-S001-02009,True,True,pass
D01-S001-02010,True,True,pass
D01-S001-02011,True,True,pass
D01-S001-02012,True,True,pass
D01-S001-02013,True,True,pass
D01-S001-02014,True,True,pass
D01-S001-02015,True,True,pass
D01-S001-02016,True,True,pass
D01-S001-02017,True,True,pass
D01-S001-02018,True,True,pass
D01-S001-02019,True,True,pass
D01-S001-02020,True,True,pass
D01-S001-02021,True,True,pass
D01-S001-02022,True,True,pass
D01-S001-02023,True,True,pass
D01-S001-02024,True,True,pass
D01-S001-02025,True,True,pass
D01-S001-02026,True,True,pass
D01-S001-02027,True,True,pass
D01-S001-02028,True,True,pass
D01-S001-02029,True,True,pass
D01-S001-02030,True,True,pass
D01-S001-02031,True,True,pass
D01-S001-02032,True,True,pass
D01-S001-02033,True,True,pass
D01-S001-02034,True,True,pass
D01-S001-02035,True,True,pass
D01-S001-02036,True,True,pass
D01-S001-02037,True,True,pass
D01-S001-02038,True,True,pass
D01-S001-02039,True,True,pass
D01-S001-02040,True,True,pass
D01-S001-02041,True,True,pass
D01-S001-02042,True,True,pass
D01-S001-02043,True,True,pass
D01-S001-02044,True,True,pass
D01-S001-02045,True,True,pass
D01-S001-02046,True,True,pass
D01-S001-02047,True,True,pass
D01-S001-02048,True,True,pass
D01-S001-02049,True,True,pass
D01-S001-02050,True,True,pass
D01-S001-02051,True,True,pass
D01-S001-02052,True,True,pass
D01-S001-02053,True,True,pass
D01-S001-02054,True,True,pass
D01-S001-02055,True,True,pass
D01-S001-02056,True,True,pass
D01-S001-02057,True,True,pass
D01-S001-02058,True,True,pass
D01-S001-02059,True,True,pass
D01-S001-02060,True,True,pass
D01-S001-02061,True,True,pass
D01-S001-02062,True,True,pass
D01-S001-02063,True,True,pass
D01-S001-02064,True,True,pass
D01-S001-02065,True,True,pass
D01-S001-02066,True,True,pass
D01-S001-02067,True,True,pass
D01-S001-02068,True,True,pass
D01-S001-02069,True,True,pass
D01-S001-02070,True,True,pass
D01-S001-02071,True,True,pass
D01-S001-02072,True,True,pass
D01-S001-02073,True,True,pass
D01-S001-02074,True,True,pass
D01-S001-02075,True,True,pass
D01-S001-02076,True,True,pass
D01-S001-02077,True,True,pass
D01-S001-02078,True,True,pass
D01-S001-02079,True,True,pass
D01-S001-02080,True,True,pass
D01-S001-02081,True,True,pass
D01-S001-02082,True,True,pass
D01-S001-02083,True,True,pass
D01-S001-02084,True,True,pass
D01-S001-02085,True,True,pass
D01-S001-02086,True,True,pass
D01-S001-02087,True,True,pass
D01-S001-02088,True,True,pass
D01-S001-02089,True,True,pass
D01-S001-02090,True,True,pass
D01-S001-02091,True,True,pass
D01-S001-02092,True,True,pass
D01-S001-02093,True,True,pass
D01-S001-02094,True,True,pass
D01-S001-02095,True,True,pass
D01-S001-02096,True,True,pass
D01-S001-02097,True,True,pass
D01-S001-02098,True,True,pass
D01-S001-02099,True,True,pass
D01-S001-02100,True,True,pass
D01-S001-02101,True,True,pass
D01-S001-02102,True,True,pass
D01-S001-02103,True,True,pass
D01-S001-02104,True,True,pass
D01-S001-02105,True,True,pass
D01-S001-02106,True,True,pass
D01-S001-02107,True,True,pass
D01-S001-02108,True,True,pass
D01-S001-02109,True,True,pass
D01-S001-02110,True,True,pass
D01-S001-02111,True,True,pass
D01-S001-02112,True,True,pass
D01-S001-02113,True,True,pass
D01-S001-02114,True,True,pass
D01-S001-02115,True,True,pass
D01-S001-02116,True,True,pass
D01-S001-02117,True,True,pass
D01-S001-02118,True,True,pass
D01-S001-02119,True,True,pass
D01-S001-02120,True,True,pass
D01-S001-02121,True,True,pass
D01-S001-02122,True,True,pass
D01-S001-02123,True,True,pass
D01-S001-02124,True,True,pass
D01-S001-02125,True,True,pass
D01-S001-02126,True,True,pass
D01-S001-02127,True,True,pass
D01-S001-02128,True,True,pass
D01-S001-02129,True,True,pass
D01-S001-02130,True,True,pass
D01-S001-02131,True,True,pass
D01-S001-02132,True,True,pass
D01-S001-02133,True,True,pass
D01-S001-02134,True,True,pass
D01-S001-02135,True,True,pass
D01-S001-02136,True,True,pass
D01-S001-02137,True,True,pass
D01-S001-02138,True,True,pass
D01-S001-02139,True,True,pass
D01-S001-02140,True,True,pass
D01-S001-02141,True,True,pass
D01-S001-02142,True,True,pass
D01-S001-02143,True,True,pass
D01-S001-02144,True,True,pass
D01-S001-02145,True,True,pass
D01-S001-02146,True,True,pass
D01-S001-02147,True,True,pass
D01-S001-02148,True,True,pass
D01-S001-02149,True,True,pass
D01-S001-02150,True,True,pass
D01-S001-02151,True,True,pass
D01-S001-02152,True,True,pass
D01-S001-02153,True,True,pass
D01-S001-02154,True,True,pass
D01-S001-02155,True,True,pass
D01-S001-02156,True,True,pass
D01-S001-02157,True,True,pass
D01-S001-02158,True,True,pass
D01-S001-02159,True,True,pass
D01-S001-02160,True,True,pass
D01-S001-02161,True,True,pass
D01-S001-02162,True,True,pass
D01-S001-02163,True,True,pass
D01-S001-02164,True,True,pass
D01-S001-02165,True,True,pass
D01-S001-02166,True,True,pass
D01-S001-02167,True,True,pass
D01-S001-02168,True,True,pass
D01-S001-02169,True,True,pass
D01-S001-02170,True,True,pass
D01-S001-02171,True,True,pass
D01-S001-02172,True,True,pass
D01-S001-02173,True,True,pass
D01-S001-02174,True,True,pass
D01-S001-02175,True,True,pass
D01-S001-02176,True,True,pass
D01-S001-02177,True,True,pass
D01-S001-02178,True,True,pass
D01-S001-02179,True,True,pass
D01-S001-02180,True,True,pass
D01-S001-02181,True,True,pass
D01-S001-02182,True,True,pass
D01-S001-02183,True,True,pass
D01-S001-02184,True,True,pass
D01-S001-02185,True,True,pass
D01-S001-02186,True,True,pass
D01-S001-02187,True,True,pass
D01-S001-02188,True,True,pass
D01-S001-02189,True,True,pass
D01-S001-02190,True,True,pass
D01-S001-02191,True,True,pass
D01-S001-02192,True,True,pass
D01-S001-02193,True,True,pass
D01-S001-02194,True,True,pass
D01-S001-02195,True,True,pass
D01-S001-02196,True,True,pass
D01-S001-02197,True,True,pass
D01-S001-02198,True,True,pass
D01-S001-02199,True,True,pass
D01-S001-02200,True,True,pass
D01-S001-02201,True,True,pass
D01-S001-02202,True,True,pass
D01-S001-02203,True,True,pass
D01-S001-02204,True,True,pass
D01-S001-02205,True,True,pass
D01-S001-02206,True,True,pass
D01-S001-02207,True,True,pass
D01-S001-02208,True,True,pass
D01-S001-02209,True,True,pass
D01-S001-02210,True,True,pass
D01-S001-02211,True,True,pass
D01-S001-02212,True,True,pass
D01-S001-02213,True,True,pass
D01-S001-02214,True,True,pass
D01-S001-02215,True,True,pass
D01-S001-02216,True,True,pass
D01-S001-02217,True,True,pass
D01-S001-02218,True,True,pass
D01-S001-02219,True,True,pass
D01-S001-02220,True,True,pass
D01-S001-02221,True,True,pass
D01-S001-02222,True,True,pass
D01-S001-02223,True,True,pass
D01-S001-02224,True,True,pass
D01-S001-02225,True,True,pass
D01-S001-02226,True,True,pass
D01-S001-02227,True,True,pass
D01-S001-02228,True,True,pass
D01-S001-02229,True,True,pass
D01-S001-02230,True,True,pass
D01-S001-02231,True,True,pass
D01-S001-02232,True,True,pass
D01-S001-02233,True,True,pass
D01-S001-02234,True,True,pass
D01-S001-02235,True,True,pass
D01-S001-02236,True,True,pass
D01-S001-02237,True,True,pass
D01-S001-02238,True,True,pass
D01-S001-02239,True,True,pass
D01-S001-02240,True,True,pass
D01-S001-02241,True,True,pass
D01-S001-02242,True,True,pass
D01-S001-02243,True,True,pass
D01-S001-02244,True,True,pass
D01-S001-02245,True,True,pass
D01-S001-02246,True,True,pass
D01-S001-02247,True,True,pass
D01-S001-02248,True,True,pass
D01-S001-02249,True,True,pass
D01-S001-02250,True,True,pass
D01-S001-02251,True,True,pass
D01-S001-02252,True,True,pass
D01-S001-02253,True,True,pass
D01-S001-02254,True,True,pass
D01-S001-02255,True,True,pass
D01-S001-02256,True,True,pass
D01-S001-02257,True,True,pass
D01-S001-02258,True,True,pass
D01-S001-02259,True,True,pass
D01-S001-02260,True,True,pass
D01-S001-02261,True,True,pass
D01-S001-02262,True,True,pass
D01-S001-02263,True,True,pass
D01-S001-02264,True,True,pass
D01-S001-02265,True,True,pass
D01-S001-02266,True,True,pass
D01-S001-02267,True,True,pass
D01-S001-02268,True,True,pass
D01-S001-02269,True,True,pass
D01-S001-02270,True,True,pass
D01-S001-02271,True,True,pass
D01-S001-02272,True,True,pass
D01-S001-02273,True,True,pass
D01-S001-02274,True,True,pass
D01-S001-02275,True,True,pass
D01-S001-02276,True,True,pass
D01-S001-02277,True,True,pass
D01-S001-02278,True,True,pass
D01-S001-02279,True,True,pass
D01-S001-02280,True,True,pass
D01-S001-02281,True,True,pass
D01-S001-02282,True,True,pass
D01-S001-02283,True,True,pass
D01-S001-02284,True,True,pass
D01-S001-02285,True,True,pass
D01-S001-02286,True,True,pass
D01-S001-02287,True,True,pass
D01-S001-02288,True,True,pass
D01-S001-02289,True,True,pass
D01-S001-02290,True,True,pass
D01-S001-02291,True,True,pass
D01-S001-02292,True,True,pass
D01-S001-02293,True,True,pass
D01-S001-02294,True,True,pass
D01-S001-02295,True,True,pass
D01-S001-02296,True,True,pass
D01-S001-02297,True,True,pass
D01-S001-02298,True,True,pass
D01-S001-02299,True,True,pass
D01-S001-02300,True,True,pass
D01-S001-02301,True,True,pass
D01-S001-02302,True,True,pass
D01-S001-02303,True,True,pass
D01-S001-02304,True,True,pass
D01-S001-02305,True,True,pass
D01-S001-02306,True,True,pass
D01-S001-02307,True,True,pass
D01-S001-02308,True,True,pass
D01-S001-02309,True,True,pass
D01-S001-02310,True,True,pass
D01-S001-02311,True,True,pass
D01-S001-02312,True,True,pass
D01-S001-02313,True,True,pass
D01-S001-02314,True,True,pass
D01-S001-02315,True,True,pass
D01-S001-02316,True,True,pass
D01-S001-02317,True,True,pass
D01-S001-02318,True,True,pass
D01-S001-02319,True,True,pass
D01-S001-02320,True,True,pass
D01-S001-02321,True,True,pass
D01-S001-02322,True,True,pass
D01-S001-02323,True,True,pass
D01-S001-02324,True,True,pass
D01-S001-02325,True,True,pass
D01-S001-02326,True,True,pass
D01-S001-02327,True,True,pass
D01-S001-02328,True,True,pass
D01-S001-02329,True,True,pass
D01-S001-02330,True,True,pass
D01-S001-02331,True,True,pass
D01-S001-02332,True,True,pass
D01-S001-02333,True,True,pass
D01-S001-02334,True,True,pass
D01-S001-02335,True,True,pass
D01-S001-02336,True,True,pass
D01-S001-02337,True,True,pass
D01-S001-02338,True,True,pass
D01-S001-02339,True,True,pass
D01-S001-02340,True,True,pass
D01-S001-02341,True,True,pass
D01-S001-02342,True,True,pass
D01-S001-02343,True,True,pass
D01-S001-02344,True,True,pass
D01-S001-02345,True,True,pass
D01-S001-02346,True,True,pass
D01-S001-02347,True,True,pass
D01-S001-02348,True,True,pass
D01-S001-02349,True,True,pass
D01-S001-02350,True,True,pass
D01-S001-02351,True,True,pass
D01-S001-02352,True,True,pass
D01-S001-02353,True,True,pass
D01-S001-02354,True,True,pass
D01-S001-02355,True,True,pass
D01-S001-02356,True,True,pass
D01-S001-02357,True,True,pass
D01-S001-02358,True,True,pass
D01-S001-02359,True,True,pass
D01-S001-02360,True,True,pass
D01-S001-02361,True,True,pass
D01-S001-02362,True,True,pass
D01-S001-02363,True,True,pass
D01-S001-02364,True,True,pass
D01-S001-02365,True,True,pass
D01-S001-02366,True,True,pass
D01-S001-02367,True,True,pass
D01-S001-02368,True,True,pass
D01-S001-02369,True,True,pass
D01-S001-02370,True,True,pass
D01-S001-02371,True,True,pass
D01-S001-02372,True,True,pass
D01-S001-02373,True,True,pass
D01-S001-02374,True,True,pass
D01-S001-02375,True,True,pass
D01-S001-02376,True,True,pass
D01-S001-02377,True,True,pass
D01-S001-02378,True,True,pass
D01-S001-02379,True,True,pass
D01-S001-02380,True,True,pass
D01-S001-02381,True,True,pass
D01-S001-02382,True,True,pass
D01-S001-02383,True,True,pass
D01-S001-02384,True,True,pass
D01-S001-02385,True,True,pass
D01-S001-02386,True,True,pass
D01-S001-02387,True,True,pass
D01-S001-02388,True,True,pass
D01-S001-02389,True,True,pass
D01-S001-02390,True,True,pass
D01-S001-02391,True,True,pass
D01-S001-02392,True,True,pass
D01-S001-02393,True,True,pass
D01-S001-02394,True,True,pass
D01-S001-02395,True,True,pass
D01-S001-02396,True,True,pass
D01-S001-02397,True,True,pass
D01-S001-02398,True,True,pass
D01-S001-02399,True,True,pass
D01-S001-02400,True,True,pass
D01-S001-02401,True,True,pass
D01-S001-02402,True,True,pass
D01-S001-02403,True,True,pass
D01-S001-02404,True,True,pass
D01-S001-02405,True,True,pass
D01-S001-02406,True,True,pass
D01-S001-02407,True,True,pass
D01-S001-02408,True,True,pass
D01-S001-02409,True,True,pass
D01-S001-02410,True,True,pass
D01-S001-02411,True,True,pass
D01-S001-02412,True,True,pass
D01-S001-02413,True,True,pass
D01-S001-02414,True,True,pass
D01-S001-02415,True,True,pass
D01-S001-02416,True,True,pass
D01-S001-02417,True,True,pass
D01-S001-02418,True,True,pass
D01-S001-02419,True,True,pass
D01-S001-02420,True,True,pass
D01-S001-02421,True,True,pass
D01-S001-02422,True,True,pass
D01-S001-02423,True,True,pass
D01-S001-02424,True,True,pass
D01-S001-02425,True,True,pass
D01-S001-02426,True,True,pass
D01-S001-02427,True,True,pass
D01-S001-02428,True,True,pass
D01-S001-02429,True,True,pass
D01-S001-02430,True,True,pass
D01-S001-02431,True,True,pass
D01-S001-02432,True,True,pass
D01-S001-02433,True,True,pass
D01-S001-02434,True,True,pass
D01-S001-02435,True,True,pass
D01-S001-02436,True,True,pass
D01-S001-02437,True,True,pass
D01-S001-02438,True,True,pass
D01-S001-02439,True,True,pass
D01-S001-02440,True,True,pass
D01-S001-02441,True,True,pass
D01-S001-02442,True,True,pass
D01-S001-02443,True,True,pass
D01-S001-02444,True,True,pass
D01-S001-02445,True,True,pass
D01-S001-02446,True,True,pass
D01-S001-02447,True,True,pass
D01-S001-02448,True,True,pass
D01-S001-02449,True,True,pass
D01-S001-02450,True,True,pass
D01-S001-02451,True,True,pass
D01-S001-02452,True,True,pass
D01-S001-02453,True,True,pass
D01-S001-02454,True,True,pass
D01-S001-02455,True,True,pass
D01-S001-02456,True,True,pass
D01-S001-02457,True,True,pass
D01-S001-02458,True,True,pass
D01-S001-02459,True,True,pass
D01-S001-02460,True,True,pass
D01-S001-02461,True,True,pass
D01-S001-02462,True,True,pass
D01-S001-02463,True,True,pass
D01-S001-02464,True,True,pass
D01-S001-02465,True,True,pass
D01-S001-02466,True,True,pass
D01-S001-02467,True,True,pass
D01-S001-02468,True,True,pass
D01-S001-02469,True,True,pass
D01-S001-02470,True,True,pass
D01-S001-02471,True,True,pass
D01-S001-02472,True,True,pass
D01-S001-02473,True,True,pass
D01-S001-02474,True,True,pass
D01-S001-02475,True,True,pass
D01-S001-02476,True,True,pass
D01-S001-02477,True,True,pass
D01-S001-02478,True,True,pass
D01-S001-02479,True,True,pass
D01-S001-02480,True,True,pass
D01-S001-02481,True,True,pass
D01-S001-02482,True,True,pass
D01-S001-02483,True,True,pass
D01-S001-02484,True,True,pass
D01-S001-02485,True,True,pass
D01-S001-02486,True,True,pass
D01-S001-02487,True,True,pass
D01-S001-02488,True,True,pass
D01-S001-02489,True,True,pass
D01-S001-02490,True,True,pass
D01-S001-02491,True,True,pass
D01-S001-02492,True,True,pass
D01-S001-02493,True,True,pass
D01-S001-02494,True,True,pass
D01-S001-02495,True,True,pass
D01-S001-02496,True,True,pass
D01-S001-02497,True,True,pass
D01-S001-02498,True,True,pass
D01-S001-02499,True,True,pass
D01-S001-02500,True,True,pass
D01-S001-02501,True,True,pass
D01-S001-02502,True,True,pass
D01-S001-02503,True,True,pass
D01-S001-02504,True,True,pass
D01-S001-02505,True,True,pass
D01-S001-02506,True,True,pass
D01-S001-02507,True,True,pass
D01-S001-02508,True,True,pass
D01-S001-02509,True,True,pass
D01-S001-02510,True,True,pass
D01-S001-02511,True,True,pass
D01-S001-02512,True,True,pass
D01-S001-02513,True,True,pass
D01-S001-02514,True,True,pass
D01-S001-02515,True,True,pass
D01-S001-02516,True,True,pass
D01-S001-02517,True,True,pass
D01-S001-02518,True,True,pass
D01-S001-02519,True,True,pass
D01-S001-02520,True,True,pass
D01-S001-02521,True,True,pass
D01-S001-02522,True,True,pass
D01-S001-02523,True,True,pass
D01-S001-02524,True,True,pass
D01-S001-02525,True,True,pass
D01-S001-02526,True,True,pass
D01-S001-02527,True,True,pass
D01-S001-02528,True,True,pass
D01-S001-02529,True,True,pass
D01-S001-02530,True,True,pass
D01-S001-02531,True,True,pass
D01-S001-02532,True,True,pass
D01-S001-02533,True,True,pass
D01-S001-02534,True,True,pass
D01-S001-02535,True,True,pass
D01-S001-02536,True,True,pass
D01-S001-02537,True,True,pass
D01-S001-02538,True,True,pass
D01-S001-02539,True,True,pass
D01-S001-02540,True,True,pass
D01-S001-02541,True,True,pass
D01-S001-02542,True,True,pass
D01-S001-02543,True,True,pass
D01-S001-02544,True,True,pass
D01-S001-02545,True,True,pass
D01-S001-02546,True,True,pass
D01-S001-02547,True,True,pass
D01-S001-02548,True,True,pass
D01-S001-02549,True,True,pass
D01-S001-02550,True,True,pass
D01-S001-02551,True,True,pass
D01-S001-02552,True,True,pass
D01-S001-02553,True,True,pass
D01-S001-02554,True,True,pass
D01-S001-02555,True,True,pass
D01-S001-02556,True,True,pass
D01-S001-02557,True,True,pass
D01-S001-02558,True,True,pass
D01-S001-02559,True,True,pass
D01-S001-02560,True,True,pass
D01-S001-02561,True,True,pass
D01-S001-02562,True,True,pass
D01-S001-02563,True,True,pass
D01-S001-02564,True,True,pass
D01-S001-02565,True,True,pass
D01-S001-02566,True,True,pass
D01-S001-02567,True,True,pass
D01-S001-02568,True,True,pass
D01-S001-02569,True,True,pass
D01-S001-02570,True,True,pass
D01-S001-02571,True,True,pass
D01-S001-02572,True,True,pass
D01-S001-02573,True,True,pass
D01-S001-02574,True,True,pass
D01-S001-02575,True,True,pass
D01-S001-02576,True,True,pass
D01-S001-02577,True,True,pass
D01-S001-02578,True,True,pass
D01-S001-02579,True,True,pass
D01-S001-02580,True,True,pass
D01-S001-02581,True,True,pass
D01-S001-02582,True,True,pass
D01-S001-02583,True,True,pass
D01-S001-02584,True,True,pass
D01-S001-02585,True,True,pass
D01-S001-02586,True,True,pass
D01-S001-02587,True,True,pass
D01-S001-02588,True,True,pass
D01-S001-02589,True,True,pass
D01-S001-02590,True,True,pass
D01-S001-02591,True,True,pass
D01-S001-02592,True,True,pass
D01-S001-02593,True,True,pass
D01-S001-02594,True,True,pass
D01-S001-02595,True,True,pass
D01-S001-02596,True,True,pass
D01-S001-02597,True,True,pass
D01-S001-02598,True,True,pass
D01-S001-02599,True,True,pass
D01-S001-02600,True,True,pass
D01-S001-02601,True,True,pass
D01-S001-02602,True,True,pass
D01-S001-02603,True,True,pass
D01-S001-02604,True,True,pass
D01-S001-02605,True,True,pass
D01-S001-02606,True,True,pass
D01-S001-02607,True,True,pass
D01-S001-02608,True,True,pass
D01-S001-02609,True,True,pass
D01-S001-02610,True,True,pass
D01-S001-02611,True,True,pass
D01-S001-02612,True,True,pass
D01-S001-02613,True,True,pass
D01-S001-02614,True,True,pass
D01-S001-02615,True,True,pass
D01-S001-02616,True,True,pass
D01-S001-02617,True,True,pass
D01-S001-02618,True,True,pass
D01-S001-02619,True,True,pass
D01-S001-02620,True,True,pass
D01-S001-02621,True,True,pass
D01-S001-02622,True,True,pass
D01-S001-02623,True,True,pass
D01-S001-02624,True,True,pass
D01-S001-02625,True,True,pass
D01-S001-02626,True,True,pass
D01-S001-02627,True,True,pass
D01-S001-02628,True,True,pass
D01-S001-02629,True,True,pass
D01-S001-02630,True,True,pass
D01-S001-02631,True,True,pass
D01-S001-02632,True,True,pass
D01-S001-02633,True,True,pass
D01-S001-02634,True,True,pass
D01-S001-02635,True,True,pass
D01-S001-02636,True,True,pass
D01-S001-02637,True,True,pass
D01-S001-02638,True,True,pass
D01-S001-02639,True,True,pass
D01-S001-02640,True,True,pass
D01-S001-02641,True,True,pass
D01-S001-02642,True,True,pass
D01-S001-02643,True,True,pass
D01-S001-02644,True,True,pass
D01-S001-02645,True,True,pass
D01-S001-02646,True,True,pass
D01-S001-02647,True,True,pass
D01-S001-02648,True,True,pass
D01-S001-02649,True,True,pass
D01-S001-02650,True,True,pass
D01-S001-02651,True,True,pass
D01-S001-02652,True,True,pass
D01-S001-02653,True,True,pass
D01-S001-02654,True,True,pass
D01-S001-02655,True,True,pass
D01-S001-02656,True,True,pass
D01-S001-02657,True,True,pass
D01-S001-02658,True,True,pass
D01-S001-02659,True,True,pass
D01-S001-02660,True,True,pass
D01-S001-02661,True,True,pass
D01-S001-02662,True,True,pass
D01-S001-02663,True,True,pass
D01-S001-02664,True,True,pass
D01-S001-02665,True,True,pass
D01-S001-02666,True,True,pass
D01-S001-02667,True,True,pass
D01-S001-02668,True,True,pass
D01-S001-02669,True,True,pass
D01-S001-02670,True,True,pass
D01-S001-02671,True,True,pass
D01-S001-02672,True,True,pass
D01-S001-02673,True,True,pass
D01-S001-02674,True,True,pass
D01-S001-02675,True,True,pass
D01-S001-02676,True,True,pass
D01-S001-02677,True,True,pass
D01-S001-02678,True,True,pass
D01-S001-02679,True,True,pass
D01-S001-02680,True,True,pass
D01-S001-02681,True,True,pass
D01-S001-02682,True,True,pass
D01-S001-02683,True,True,pass
D01-S001-02684,True,True,pass
D01-S001-02685,True,True,pass
D01-S001-02686,True,True,pass
D01-S001-02687,True,True,pass
D01-S001-02688,True,True,pass
D01-S001-02689,True,True,pass
D01-S001-02690,True,True,pass
D01-S001-02691,True,True,pass
D01-S001-02692,True,True,pass
D01-S001-02693,True,True,pass
D01-S001-02694,True,True,pass
D01-S001-02695,True,True,pass
D01-S001-02696,True,True,pass
D01-S001-02697,True,True,pass
D01-S001-02698,True,True,pass
D01-S001-02699,True,True,pass
D01-S001-02700,True,True,pass
D01-S001-02701,True,True,pass
D01-S001-02702,True,True,pass
D01-S001-02703,True,True,pass
D01-S001-02704,True,True,pass
D01-S001-02705,True,True,pass
D01-S001-02706,True,True,pass
D01-S001-02707,True,True,pass
D01-S001-02708,True,True,pass
D01-S001-02709,True,True,pass
D01-S001-02710,True,True,pass
D01-S001-02711,True,True,pass
D01-S001-02712,True,True,pass
D01-S001-02713,True,True,pass
D01-S001-02714,True,True,pass
D01-S001-02715,True,True,pass
D01-S001-02716,True,True,pass
D01-S001-02717,True,True,pass
D01-S001-02718,True,True,pass
D01-S001-02719,True,True,pass
D01-S001-02720,True,True,pass
D01-S001-02721,True,True,pass
D01-S001-02722,True,True,pass
D01-S001-02723,True,True,pass
D01-S001-02724,True,True,pass
D01-S001-02725,True,True,pass
D01-S001-02726,True,True,pass
D01-S001-02727,True,True,pass
D01-S001-02728,True,True,pass
D01-S001-02729,True,True,pass
D01-S001-02730,True,True,pass
D01-S001-02731,True,True,pass
D01-S001-02732,True,True,pass
D01-S001-02733,True,True,pass
D01-S001-02734,True,True,pass
D01-S001-02735,True,True,pass
D01-S001-02736,True,True,pass
D01-S001-02737,True,True,pass
D01-S001-02738,True,True,pass
D01-S001-02739,True,True,pass
D01-S001-02740,True,True,pass
D01-S001-02741,True,True,pass
D01-S001-02742,True,True,pass
D01-S001-02743,True,True,pass
D01-S001-02744,True,True,pass
D01-S001-02745,True,True,pass
D01-S001-02746,True,True,pass
D01-S001-02747,True,True,pass
D01-S001-02748,True,True,pass
D01-S001-02749,True,True,pass
D01-S001-02750,True,True,pass
D01-S001-02751,True,True,pass
D01-S001-02752,True,True,pass
D01-S001-02753,True,True,pass
D01-S001-02754,True,True,pass
D01-S001-02755,True,True,pass
D01-S001-02756,True,True,pass
D01-S001-02757,True,True,pass
D01-S001-02758,True,True,pass
D01-S001-02759,True,True,pass
D01-S001-02760,True,True,pass
D01-S001-02761,True,True,pass
D01-S001-02762,True,True,pass
D01-S001-02763,True,True,pass
D01-S001-02764,True,True,pass
D01-S001-02765,True,True,pass
D01-S001-02766,True,True,pass
D01-S001-02767,True,True,pass
D01-S001-02768,True,True,pass
D01-S001-02769,True,True,pass
D01-S001-02770,True,True,pass
D01-S001-02771,True,True,pass
D01-S001-02772,True,True,pass
D01-S001-02773,True,True,pass
D01-S001-02774,True,True,pass
D01-S001-02775,True,True,pass
D01-S001-02776,True,True,pass
D01-S001-02777,True,True,pass
D01-S001-02778,True,True,pass
D01-S001-02779,True,True,pass
D01-S001-02780,True,True,pass
D01-S001-02781,True,True,pass
D01-S001-02782,True,True,pass
D01-S001-02783,True,True,pass
D01-S001-02784,True,True,pass
D01-S001-02785,True,True,pass
D01-S001-02786,True,True,pass
D01-S001-02787,True,True,pass
D01-S001-02788,True,True,pass
D01-S001-02789,True,True,pass
D01-S001-02790,True,True,pass
D01-S001-02791,True,True,pass
D01-S001-02792,True,True,pass
D01-S001-02793,True,True,pass
D01-S001-02794,True,True,pass
D01-S001-02795,True,True,pass
D01-S001-02796,True,True,pass
D01-S001-02797,True,True,pass
D01-S001-02798,True,True,pass
D01-S001-02799,True,True,pass
D01-S001-02800,True,True,pass
D01-S001-02801,True,True,pass
D01-S001-02802,True,True,pass
D01-S001-02803,True,True,pass
D01-S001-02804,True,True,pass
D01-S001-02805,True,True,pass
D01-S001-02806,True,True,pass
D01-S001-02807,True,True,pass
D01-S001-02808,True,True,pass
D01-S001-02809,True,True,pass
D01-S001-02810,True,True,pass
D01-S001-02811,True,True,pass
D01-S001-02812,True,True,pass
D01-S001-02813,True,True,pass
D01-S001-02814,True,True,pass
D01-S001-02815,True,True,pass
D01-S001-02816,True,True,pass
D01-S001-02817,True,True,pass
D01-S001-02818,True,True,pass
D01-S001-02819,True,True,pass
D01-S001-02820,True,True,pass
D01-S001-02821,True,True,pass
D01-S001-02822,True,True,pass
D01-S001-02823,True,True,pass
D01-S001-02824,True,True,pass
D01-S001-02825,True,True,pass
D01-S001-02826,True,True,pass
D01-S001-02827,True,True,pass
D01-S001-02828,True,True,pass
D01-S001-02829,True,True,pass
D01-S001-02830,True,True,pass
D01-S001-02831,True,True,pass
D01-S001-02832,True,True,pass
D01-S001-02833,True,True,pass
D01-S001-02834,True,True,pass
D01-S001-02835,True,True,pass
D01-S001-02836,True,True,pass
D01-S001-02837,True,True,pass
D01-S001-02838,True,True,pass
D01-S001-02839,True,True,pass
D01-S001-02840,True,True,pass
D01-S001-02841,True,True,pass
D01-S001-02842,True,True,pass
D01-S001-02843,True,True,pass
D01-S001-02844,True,True,pass
D01-S001-02845,True,True,pass
D01-S001-02846,True,True,pass
D01-S001-02847,True,True,pass
D01-S001-02848,True,True,pass
D01-S001-02849,True,True,pass
D01-S001-02850,True,True,pass
D01-S001-02851,True,True,pass
D01-S001-02852,True,True,pass
D01-S001-02853,True,True,pass
D01-S001-02854,True,True,pass
D01-S001-02855,True,True,pass
D01-S001-02856,True,True,pass
D01-S001-02857,True,True,pass
D01-S001-02858,True,True,pass
D01-S001-02859,True,True,pass
D01-S001-02860,True,True,pass
D01-S001-02861,True,True,pass
D01-S001-02862,True,True,pass
D01-S001-02863,True,True,pass
D01-S001-02864,True,True,pass
D01-S001-02865,True,True,pass
D01-S001-02866,True,True,pass
D01-S001-02867,True,True,pass
D01-S001-02868,True,True,pass
D01-S001-02869,True,True,pass
D01-S001-02870,True,True,pass
D01-S001-02871,True,True,pass
D01-S001-02872,True,True,pass
D01-S001-02873,True,True,pass
D01-S001-02874,True,True,pass
D01-S001-02875,True,True,pass
D01-S001-02876,True,True,pass
D01-S001-02877,True,True,pass
D01-S001-02878,True,True,pass
D01-S001-02879,True,True,pass
D01-S001-02880,True,True,pass
D01-S001-02881,True,True,pass
D01-S001-02882,True,True,pass
D01-S001-02883,True,True,pass
D01-S001-02884,True,True,pass
D01-S001-02885,True,True,pass
D01-S001-02886,True,True,pass
D01-S001-02887,True,True,pass
D01-S001-02888,True,True,pass
D01-S001-02889,True,True,pass
D01-S001-02890,True,True,pass
D01-S001-02891,True,True,pass
D01-S001-02892,True,True,pass
D01-S001-02893,True,True,pass
D01-S001-02894,True,True,pass
D01-S001-02895,True,True,pass
D01-S001-02896,True,True,pass
D01-S001-02897,True,True,pass
D01-S001-02898,True,True,pass
D01-S001-02899,True,True,pass
D01-S001-02900,True,True,pass
D01-S001-02901,True,True,pass
D01-S001-02902,True,True,pass
D01-S001-02903,True,True,pass
D01-S001-02904,True,True,pass
D01-S001-02905,True,True,pass
D01-S001-02906,True,True,pass
D01-S001-02907,True,True,pass
D01-S001-02908,True,True,pass
D01-S001-02909,True,True,pass
D01-S001-02910,True,True,pass
D01-S001-02911,True,True,pass
D01-S001-02912,True,True,pass
D01-S001-02913,True,True,pass
D01-S001-02914,True,True,pass
D01-S001-02915,True,True,pass
D01-S001-02916,True,True,pass
D01-S001-02917,True,True,pass
D01-S001-02918,True,True,pass
D01-S001-02919,True,True,pass
D01-S001-02920,True,True,pass
D01-S001-02921,True,True,pass
D01-S001-02922,True,True,pass
D01-S001-02923,True,True,pass
D01-S001-02924,True,True,pass
D01-S001-02925,True,True,pass
D01-S001-02926,True,True,pass
D01-S001-02927,True,True,pass
D01-S001-02928,True,True,pass
D01-S001-02929,True,True,pass
D01-S001-02930,True,True,pass
D01-S001-02931,True,True,pass
D01-S001-02932,True,True,pass
D01-S001-02933,True,True,pass
D01-S001-02934,True,True,pass
D01-S001-02935,True,True,pass
D01-S001-02936,True,True,pass
D01-S001-02937,True,True,pass
D01-S001-02938,True,True,pass
D01-S001-02939,True,True,pass
D01-S001-02940,True,True,pass
D01-S001-02941,True,True,pass
D01-S001-02942,True,True,pass
D01-S001-02943,True,True,pass
D01-S001-02944,True,True,pass
D01-S001-02945,True,True,pass
D01-S001-02946,True,True,pass
D01-S001-02947,True,True,pass
D01-S001-02948,True,True,pass
D01-S001-02949,True,True,pass
D01-S001-02950,True,True,pass
D01-S001-02951,True,True,pass
D01-S001-02952,True,True,pass
D01-S001-02953,True,True,pass
D01-S001-02954,True,True,pass
D01-S001-02955,True,True,pass
D01-S001-02956,True,True,pass
D01-S001-02957,True,True,pass
D01-S001-02958,True,True,pass
D01-S001-02959,True,True,pass
D01-S001-02960,True,True,pass
D01-S001-02961,True,True,pass
D01-S001-02962,True,True,pass
D01-S001-02963,True,True,pass
D01-S001-02964,True,True,pass
D01-S001-02965,True,True,pass
D01-S001-02966,True,True,pass
D01-S001-02967,True,True,pass
D01-S001-02968,True,True,pass
D01-S001-02969,True,True,pass
D01-S001-02970,True,True,pass
D01-S001-02971,True,True,pass
D01-S001-02972,True,True,pass
D01-S001-02973,True,True,pass
D01-S001-02974,True,True,pass
D01-S001-02975,True,True,pass
D01-S001-02976,True,True,pass
D01-S001-02977,True,True,pass
D01-S001-02978,True,True,pass
D01-S001-02979,True,True,pass
D01-S001-02980,True,True,pass
D01-S001-02981,True,True,pass
D01-S001-02982,True,True,pass
D01-S001-02983,True,True,pass
D01-S001-02984,True,True,pass
D01-S001-02985,True,True,pass
D01-S001-02986,True,True,pass
D01-S001-02987,True,True,pass
D01-S001-02988,True,True,pass
D01-S001-02989,True,True,pass
D01-S001-02990,True,True,pass
D01-S001-02991,True,True,pass
D01-S001-02992,True,True,pass
D01-S001-02993,True,True,pass
D01-S001-02994,True,True,pass
D01-S001-02995,True,True,pass
D01-S001-02996,True,True,pass
D01-S001-02997,True,True,pass
D01-S001-02998,True,True,pass
D01-S001-02999,True,True,pass
D01-S001-03000,True,True,pass
D01-S001-03001,True,True,pass
D01-S001-03002,True,True,pass
D01-S001-03003,True,True,pass
D01-S001-03004,True,True,pass
D01-S001-03005,True,True,pass
D01-S001-03006,True,True,pass
D01-S001-03007,True,True,pass
D01-S001-03008,True,True,pass
D01-S001-03009,True,True,pass
D01-S001-03010,True,True,pass
D01-S001-03011,True,True,pass
D01-S001-03012,True,True,pass
D01-S001-03013,True,True,pass
D01-S001-03014,True,True,pass
D01-S001-03015,True,True,pass
D01-S001-03016,True,True,pass
D01-S001-03017,True,True,pass
D01-S001-03018,True,True,pass
D01-S001-03019,True,True,pass
D01-S001-03020,True,True,pass
D01-S001-03021,True,True,pass
D01-S001-03022,True,True,pass
D01-S001-03023,True,True,pass
D01-S001-03024,True,True,pass
D01-S001-03025,True,True,pass
D01-S001-03026,True,True,pass
D01-S001-03027,True,True,pass
D01-S001-03028,True,True,pass
D01-S001-03029,True,True,pass
D01-S001-03030,True,True,pass
D01-S001-03031,True,True,pass
D01-S001-03032,True,True,pass
D01-S001-03033,True,True,pass
D01-S001-03034,True,True,pass
D01-S001-03035,True,True,pass
D01-S001-03036,True,True,pass
D01-S001-03037,True,True,pass
D01-S001-03038,True,True,pass
D01-S001-03039,True,True,pass
D01-S001-03040,True,True,pass
D01-S001-03041,True,True,pass
D01-S001-03042,True,True,pass
D01-S001-03043,True,True,pass
D01-S001-03044,True,True,pass
D01-S001-03045,True,True,pass
D01-S001-03046,True,True,pass
D01-S001-03047,True,True,pass
D01-S001-03048,True,True,pass
D01-S001-03049,True,True,pass
D01-S001-03050,True,True,pass
D01-S001-03051,True,True,pass
D01-S001-03052,True,True,pass
D01-S001-03053,True,True,pass
D01-S001-03054,True,True,pass
D01-S001-03055,True,True,pass
D01-S001-03056,True,True,pass
D01-S001-03057,True,True,pass
D01-S001-03058,True,True,pass
D01-S001-03059,True,True,pass
D01-S001-03060,True,True,pass
D01-S001-03061,True,True,pass
D01-S001-03062,True,True,pass
D01-S001-03063,True,True,pass
D01-S001-03064,True,True,pass
D01-S001-03065,True,True,pass
D01-S001-03066,True,True,pass
D01-S001-03067,True,True,pass
D01-S001-03068,True,True,pass
D01-S001-03069,True,True,pass
D01-S001-03070,True,True,pass
D01-S001-03071,True,True,pass
D01-S001-03072,True,True,pass
D01-S001-03073,True,True,pass
D01-S001-03074,True,True,pass
D01-S001-03075,True,True,pass
D01-S001-03076,True,True,pass
D01-S001-03077,True,True,pass
D01-S001-03078,True,True,pass
D01-S001-03079,True,True,pass
D01-S001-03080,True,True,pass
D01-S001-03081,True,True,pass
D01-S001-03082,True,True,pass
D01-S001-03083,True,True,pass
D01-S001-03084,True,True,pass
D01-S001-03085,True,True,pass
D01-S001-03086,True,True,pass
D01-S001-03087,True,True,pass
D01-S001-03088,True,True,pass
D01-S001-03089,True,True,pass
D01-S001-03090,True,True,pass
D01-S001-03091,True,True,pass
D01-S001-03092,True,True,pass
D01-S001-03093,True,True,pass
D01-S001-03094,True,True,pass
D01-S001-03095,True,True,pass
D01-S001-03096,True,True,pass
D01-S001-03097,True,True,pass
D01-S001-03098,True,True,pass
D01-S001-03099,True,True,pass
D01-S001-03100,True,True,pass
D01-S001-03101,True,True,pass
D01-S001-03102,True,True,pass
D01-S001-03103,True,True,pass
D01-S001-03104,True,True,pass
D01-S001-03105,True,True,pass
D01-S001-03106,True,True,pass
D01-S001-03107,True,True,pass
D01-S001-03108,True,True,pass
D01-S001-03109,True,True,pass
D01-S001-03110,True,True,pass
D01-S001-03111,True,True,pass
D01-S001-03112,True,True,pass
D01-S001-03113,True,True,pass
D01-S001-03114,True,True,pass
D01-S001-03115,True,True,pass
D01-S001-03116,True,True,pass
D01-S001-03117,True,True,pass
D01-S001-03118,True,True,pass
D01-S001-03119,True,True,pass
D01-S001-03120,True,True,pass
D01-S001-03121,True,True,pass
D01-S001-03122,True,True,pass
D01-S001-03123,True,True,pass
D01-S001-03124,True,True,pass
D01-S001-03125,True,True,pass
D01-S001-03126,True,True,pass
D01-S001-03127,True,True,pass
D01-S001-03128,True,True,pass
D01-S001-03129,True,True,pass
D01-S001-03130,True,True,pass
D01-S001-03131,True,True,pass
D01-S001-03132,True,True,pass
D01-S001-03133,True,True,pass
D01-S001-03134,True,True,pass
D01-S001-03135,True,True,pass
D01-S001-03136,True,True,pass
D01-S001-03137,True,True,pass
D01-S001-03138,True,True,pass
D01-S001-03139,True,True,pass
D01-S001-03140,True,True,pass
D01-S001-03141,True,True,pass
D01-S001-03142,True,True,pass
D01-S001-03143,True,True,pass
D01-S001-03144,True,True,pass
D01-S001-03145,True,True,pass
D01-S001-03146,True,True,pass
D01-S001-03147,True,True,pass
D01-S001-03148,True,True,pass
D01-S001-03149,True,True,pass
D01-S001-03150,True,True,pass
D01-S001-03151,True,True,pass
D01-S001-03152,True,True,pass
D01-S001-03153,True,True,pass
D01-S001-03154,True,True,pass
D01-S001-03155,True,True,pass
D01-S001-03156,True,True,pass
D01-S001-03157,True,True,pass
D01-S001-03158,True,True,pass
D01-S001-03159,True,True,pass
D01-S001-03160,True,True,pass
D01-S001-03161,True,True,pass
D01-S001-03162,True,True,pass
D01-S001-03163,True,True,pass
D01-S001-03164,True,True,pass
D01-S001-03165,True,True,pass
D01-S001-03166,True,True,pass
D01-S001-03167,True,True,pass
D01-S001-03168,True,True,pass
D01-S001-03169,True,True,pass
D01-S001-03170,True,True,pass
D01-S001-03171,True,True,pass
D01-S001-03172,True,True,pass
D01-S001-03173,True,True,pass
D01-S001-03174,True,True,pass
D01-S001-03175,True,True,pass
D01-S001-03176,True,True,pass
D01-S001-03177,True,True,pass
D01-S001-03178,True,True,pass
D01-S001-03179,True,True,pass
D01-S001-03180,True,True,pass
D01-S001-03181,True,True,pass
D01-S001-03182,True,True,pass
D01-S001-03183,True,True,pass
D01-S001-03184,True,True,pass
D01-S001-03185,True,True,pass
D01-S001-03186,True,True,pass
D01-S001-03187,True,True,pass
D01-S001-03188,True,True,pass
D01-S001-03189,True,True,pass
D01-S001-03190,True,True,pass
D01-S001-03191,True,True,pass
D01-S001-03192,True,True,pass
D01-S001-03193,True,True,pass
D01-S001-03194,True,True,pass
D01-S001-03195,True,True,pass
D01-S001-03196,True,True,pass
D01-S001-03197,True,True,pass
D01-S001-03198,True,True,pass
D01-S001-03199,True,True,pass
D01-S001-03200,True,True,pass
D01-S001-03201,True,True,pass
D01-S001-03202,True,True,pass
D01-S001-03203,True,True,pass
D01-S001-03204,True,True,pass
D01-S001-03205,True,True,pass
D01-S001-03206,True,True,pass
D01-S001-03207,True,True,pass
D01-S001-03208,True,True,pass
D01-S001-03209,True,True,pass
D01-S001-03210,True,True,pass
D01-S001-03211,True,True,pass
D01-S001-03212,True,True,pass
D01-S001-03213,True,True,pass
D01-S001-03214,True,True,pass
D01-S001-03215,True,True,pass
D01-S001-03216,True,True,pass
D01-S001-03217,True,True,pass
D01-S001-03218,True,True,pass
D01-S001-03219,True,True,pass
D01-S001-03220,True,True,pass
D01-S001-03221,True,True,pass
D01-S001-03222,True,True,pass
D01-S001-03223,True,True,pass
D01-S001-03224,True,True,pass
D01-S001-03225,True,True,pass
D01-S001-03226,True,True,pass
D01-S001-03227,True,True,pass
D01-S001-03228,True,True,pass
D01-S001-03229,True,True,pass
D01-S001-03230,True,True,pass
D01-S001-03231,True,True,pass
D01-S001-03232,True,True,pass
D01-S001-03233,True,True,pass
D01-S001-03234,True,True,pass
D01-S001-03235,True,True,pass
D01-S001-03236,True,True,pass
D01-S001-03237,True,True,pass
D01-S001-03238,True,True,pass
D01-S001-03239,True,True,pass
D01-S001-03240,True,True,pass
D01-S001-03241,True,True,pass
D01-S001-03242,True,True,pass
D01-S001-03243,True,True,pass
D01-S001-03244,True,True,pass
D01-S001-03245,True,True,pass
D01-S001-03246,True,True,pass
D01-S001-03247,True,True,pass
D01-S001-03248,True,True,pass
D01-S001-03249,True,True,pass
D01-S001-03250,True,True,pass
D01-S001-03251,True,True,pass
D01-S001-03252,True,True,pass
D01-S001-03253,True,True,pass
D01-S001-03254,True,True,pass
D01-S001-03255,True,True,pass
D01-S001-03256,True,True,pass
D01-S001-03257,True,True,pass
D01-S001-03258,True,True,pass
D01-S001-03259,True,True,pass
D01-S001-03260,True,True,pass
D01-S001-03261,True,True,pass
D01-S001-03262,True,True,pass
D01-S001-03263,True,True,pass
D01-S001-03264,True,True,pass
D01-S001-03265,True,True,pass
D01-S001-03266,True,True,pass
D01-S001-03267,True,True,pass
D01-S001-03268,True,True,pass
D01-S001-03269,True,True,pass
D01-S001-03270,True,True,pass
D01-S001-03271,True,True,pass
D01-S001-03272,True,True,pass
D01-S001-03273,True,True,pass
D01-S001-03274,True,True,pass
D01-S001-03275,True,True,pass
D01-S001-03276,True,True,pass
D01-S001-03277,True,True,pass
D01-S001-03278,True,True,pass
D01-S001-03279,True,True,pass
D01-S001-03280,True,True,pass
D01-S001-03281,True,True,pass
D01-S001-03282,True,True,pass
D01-S001-03283,True,True,pass
D01-S001-03284,True,True,pass
D01-S001-03285,True,True,pass
D01-S001-03286,True,True,pass
D01-S001-03287,True,True,pass
D01-S001-03288,True,True,pass
D01-S001-03289,True,True,pass
D01-S001-03290,True,True,pass
D01-S001-03291,True,True,pass
D01-S001-03292,True,True,pass
D01-S001-03293,True,True,pass
D01-S001-03294,True,True,pass
D01-S001-03295,True,True,pass
D01-S001-03296,True,True,pass
D01-S001-03297,True,True,pass
D01-S001-03298,True,True,pass
D01-S001-03299,True,True,pass
D01-S001-03300,True,True,pass
D01-S001-03301,True,True,pass
D01-S001-03302,True,True,pass
D01-S001-03303,True,True,pass
D01-S001-03304,True,True,pass
D01-S001-03305,True,True,pass
D01-S001-03306,True,True,pass
D01-S001-03307,True,True,pass
D01-S001-03308,True,True,pass
D01-S001-03309,True,True,pass
D01-S001-03310,True,True,pass
D01-S001-03311,True,True,pass
D01-S001-03312,True,True,pass
D01-S001-03313,True,True,pass
D01-S001-03314,True,True,pass
D01-S001-03315,True,True,pass
D01-S001-03316,True,True,pass
D01-S001-03317,True,True,pass
D01-S001-03318,True,True,pass
D01-S001-03319,True,True,pass
D01-S001-03320,True,True,pass
D01-S001-03321,True,True,pass
D01-S001-03322,True,True,pass
D01-S001-03323,True,True,pass
D01-S001-03324,True,True,pass
D01-S001-03325,True,True,pass
D01-S001-03326,True,True,pass
D01-S001-03327,True,True,pass
D01-S001-03328,True,True,pass
D01-S001-03329,True,True,pass
D01-S001-03330,True,True,pass
D01-S001-03331,True,True,pass
D01-S001-03332,True,True,pass
D01-S001-03333,True,True,pass
D01-S001-03334,True,True,pass
D01-S001-03335,True,True,pass
D01-S001-03336,True,True,pass
D01-S001-03337,True,True,pass
D01-S001-03338,True,True,pass
D01-S001-03339,True,True,pass
D01-S001-03340,True,True,pass
D01-S001-03341,True,True,pass
D01-S001-03342,True,True,pass
D01-S001-03343,True,True,pass
D01-S001-03344,True,True,pass
D01-S001-03345,True,True,pass
D01-S001-03346,True,True,pass
D01-S001-03347,True,True,pass
D01-S001-03348,True,True,pass
D01-S001-03349,True,True,pass
D01-S001-03350,True,True,pass
D01-S001-03351,True,True,pass
D01-S001-03352,True,True,pass
D01-S001-03353,True,True,pass
D01-S001-03354,True,True,pass
D01-S001-03355,True,True,pass
D01-S001-03356,True,True,pass
D01-S001-03357,True,True,pass
D01-S001-03358,True,True,pass
D01-S001-03359,True,True,pass
D01-S001-03360,True,True,pass
D01-S001-03361,True,True,pass
D01-S001-03362,True,True,pass
D01-S001-03363,True,True,pass
D01-S001-03364,True,True,pass
D01-S001-03365,True,True,pass
D01-S001-03366,True,True,pass
D01-S001-03367,True,True,pass
D01-S001-03368,True,True,pass
D01-S001-03369,True,True,pass
D01-S001-03370,True,True,pass
D01-S001-03371,True,True,pass
D01-S001-03372,True,True,pass
D01-S001-03373,True,True,pass
D01-S001-03374,True,True,pass
D01-S001-03375,True,True,pass
D01-S001-03376,True,True,pass
D01-S001-03377,True,True,pass
D01-S001-03378,True,True,pass
D01-S001-03379,True,True,pass
D01-S001-03380,True,True,pass
D01-S001-03381,True,True,pass
D01-S001-03382,True,True,pass
D01-S001-03383,True,True,pass
D01-S001-03384,True,True,pass
D01-S001-03385,True,True,pass
D01-S001-03386,True,True,pass
D01-S001-03387,True,True,pass
D01-S001-03388,True,True,pass
D01-S001-03389,True,True,pass
D01-S001-03390,True,True,pass
D01-S001-03391,True,True,pass
D01-S001-03392,True,True,pass
D01-S001-03393,True,True,pass
D01-S001-03394,True,True,pass
D01-S001-03395,True,True,pass
D01-S001-03396,True,True,pass
D01-S001-03397,True,True,pass
D01-S001-03398,True,True,pass
D01-S001-03399,True,True,pass
D01-S001-03400,True,True,pass
D01-S001-03401,True,True,pass
D01-S001-03402,True,True,pass
D01-S001-03403,True,True,pass
D01-S001-03404,True,True,pass
D01-S001-03405,True,True,pass
D01-S001-03406,True,True,pass
D01-S001-03407,True,True,pass
D01-S001-03408,True,True,pass
D01-S001-03409,True,True,pass
D01-S001-03410,True,True,pass
D01-S001-03411,True,True,pass
D01-S001-03412,True,True,pass
D01-S001-03413,True,True,pass
D01-S001-03414,True,True,pass
D01-S001-03415,True,True,pass
D01-S001-03416,True,True,pass
D01-S001-03417,True,True,pass
D01-S001-03418,True,True,pass
D01-S001-03419,True,True,pass
D01-S001-03420,True,True,pass
D01-S001-03421,True,True,pass
D01-S001-03422,True,True,pass
D01-S001-03423,True,True,pass
D01-S001-03424,True,True,pass
D01-S001-03425,True,True,pass
D01-S001-03426,True,True,pass
D01-S001-03427,True,True,pass
D01-S001-03428,True,True,pass
D01-S001-03429,True,True,pass
D01-S001-03430,True,True,pass
D01-S001-03431,True,True,pass
D01-S001-03432,True,True,pass
D01-S001-03433,True,True,pass
D01-S001-03434,True,True,pass
D01-S001-03435,True,True,pass
D01-S001-03436,True,True,pass
D01-S001-03437,True,True,pass
D01-S001-03438,True,True,pass
D01-S001-03439,True,True,pass
D01-S001-03440,True,True,pass
D01-S001-03441,True,True,pass
D01-S001-03442,True,True,pass
D01-S001-03443,True,True,pass
D01-S001-03444,True,True,pass
D01-S001-03445,True,True,pass
D01-S001-03446,True,True,pass
D01-S001-03447,True,True,pass
D01-S001-03448,True,True,pass
D01-S001-03449,True,True,pass
D01-S001-03450,True,True,pass
D01-S001-03451,True,True,pass
D01-S001-03452,True,True,pass
D01-S001-03453,True,True,pass
D01-S001-03454,True,True,pass
D01-S001-03455,True,True,pass
D01-S001-03456,True,True,pass
D01-S001-03457,True,True,pass
D01-S001-03458,True,True,pass
D01-S001-03459,True,True,pass
D01-S001-03460,True,True,pass
D01-S001-03461,True,True,pass
D01-S001-03462,True,True,pass
D01-S001-03463,True,True,pass
D01-S001-03464,True,True,pass
D01-S001-03465,True,True,pass
D01-S001-03466,True,True,pass
D01-S001-03467,True,True,pass
D01-S001-03468,True,True,pass
D01-S001-03469,True,True,pass
D01-S001-03470,True,True,pass
D01-S001-03471,True,True,pass
D01-S001-03472,True,True,pass
D01-S001-03473,True,True,pass
D01-S001-03474,True,True,pass
D01-S001-03475,True,True,pass
D01-S001-03476,True,True,pass
D01-S001-03477,True,True,pass
D01-S001-03478,True,True,pass
D01-S001-03479,True,True,pass
D01-S001-03480,True,True,pass
D01-S001-03481,True,True,pass
D01-S001-03482,True,True,pass
D01-S001-03483,True,True,pass
D01-S001-03484,True,True,pass
D01-S001-03485,True,True,pass
D01-S001-03486,True,True,pass
D01-S001-03487,True,True,pass
D01-S001-03488,True,True,pass
D01-S001-03489,True,True,pass
D01-S001-03490,True,True,pass
D01-S001-03491,True,True,pass
D01-S001-03492,True,True,pass
D01-S001-03493,True,True,pass
D01-S001-03494,True,True,pass
D01-S001-03495,True,True,pass
D01-S001-03496,True,True,pass
D01-S001-03497,True,True,pass
D01-S001-03498,True,True,pass
D01-S001-03499,True,True,pass
D01-S001-03500,True,True,pass
D01-S001-03501,True,True,pass
D01-S001-03502,True,True,pass
D01-S001-03503,True,True,pass
D01-S001-03504,True,True,pass
D01-S001-03505,True,True,pass
D01-S001-03506,True,True,pass
D01-S001-03507,True,True,pass
D01-S001-03508,True,True,pass
D01-S001-03509,True,True,pass
D01-S001-03510,True,True,pass
D01-S001-03511,True,True,pass
D01-S001-03512,True,True,pass
D01-S001-03513,True,True,pass
D01-S001-03514,True,True,pass
D01-S001-03515,True,True,pass
D01-S001-03516,True,True,pass
D01-S001-03517,True,True,pass
D01-S001-03518,True,True,pass
D01-S001-03519,True,True,pass
D01-S001-03520,True,True,pass
D01-S001-03521,True,True,pass
D01-S001-03522,True,True,pass
D01-S001-03523,True,True,pass
D01-S001-03524,True,True,pass
D01-S001-03525,True,True,pass
D01-S001-03526,True,True,pass
D01-S001-03527,True,True,pass
D01-S001-03528,True,True,pass
D01-S001-03529,True,True,pass
D01-S001-03530,True,True,pass
D01-S001-03531,True,True,pass
D01-S001-03532,True,True,pass
D01-S001-03533,True,True,pass
D01-S001-03534,True,True,pass
D01-S001-03535,True,True,pass
D01-S001-03536,True,True,pass
D01-S001-03537,True,True,pass
D01-S001-03538,True,True,pass
D01-S001-03539,True,True,pass
D01-S001-03540,True,True,pass
D01-S001-03541,True,True,pass
D01-S001-03542,True,True,pass
D01-S001-03543,True,True,pass
D01-S001-03544,True,True,pass
D01-S001-03545,True,True,pass
D01-S001-03546,True,True,pass
D01-S001-03547,True,True,pass
D01-S001-03548,True,True,pass
D01-S001-03549,True,True,pass
D01-S001-03550,True,True,pass
D01-S001-03551,True,True,pass
D01-S001-03552,True,True,pass
D01-S001-03553,True,True,pass
D01-S001-03554,True,True,pass
D01-S001-03555,True,True,pass
D01-S001-03556,True,True,pass
D01-S001-03557,True,True,pass
D01-S001-03558,True,True,pass
D01-S001-03559,True,True,pass
D01-S001-03560,True,True,pass
D01-S001-03561,True,True,pass
D01-S001-03562,True,True,pass
D01-S001-03563,True,True,pass
D01-S001-03564,True,True,pass
D01-S001-03565,True,True,pass
D01-S001-03566,True,True,pass
D01-S001-03567,True,True,pass
D01-S001-03568,True,True,pass
D01-S001-03569,True,True,pass
D01-S001-03570,True,True,pass
D01-S001-03571,True,True,pass
D01-S001-03572,True,True,pass
D01-S001-03573,True,True,pass
D01-S001-03574,True,True,pass
D01-S001-03575,True,True,pass
D01-S001-03576,True,True,pass
D01-S001-03577,True,True,pass
D01-S001-03578,True,True,pass
D01-S001-03579,True,True,pass
D01-S001-03580,True,True,pass
D01-S001-03581,True,True,pass
D01-S001-03582,True,True,pass
D01-S001-03583,True,True,pass
D01-S001-03584,True,True,pass
D01-S001-03585,True,True,pass
D01-S001-03586,True,True,pass
D01-S001-03587,True,True,pass
D01-S001-03588,True,True,pass
D01-S001-03589,True,True,pass
D01-S001-03590,True,True,pass
D01-S001-03591,True,True,pass
D01-S001-03592,True,True,pass
D01-S001-03593,True,True,pass
D01-S001-03594,True,True,pass
D01-S001-03595,True,True,pass
D01-S001-03596,True,True,pass
D01-S001-03597,True,True,pass
D01-S001-03598,True,True,pass
D01-S001-03599,True,True,pass
D01-S001-03600,True,True,pass
D01-S001-03601,True,True,pass
D01-S001-03602,True,True,pass
D01-S001-03603,True,True,pass
D01-S001-03604,True,True,pass
D01-S001-03605,True,True,pass
D01-S001-03606,True,True,pass
D01-S001-03607,True,True,pass
D01-S001-03608,True,True,pass
D01-S001-03609,True,True,pass
D01-S001-03610,True,True,pass
D01-S001-03611,True,True,pass
D01-S001-03612,True,True,pass
D01-S001-03613,True,True,pass
D01-S001-03614,True,True,pass
D01-S001-03615,True,True,pass
D01-S001-03616,True,True,pass
D01-S001-03617,True,True,pass
D01-S001-03618,True,True,pass
D01-S001-03619,True,True,pass
D01-S001-03620,True,True,pass
D01-S001-03621,True,True,pass
D01-S001-03622,True,True,pass
D01-S001-03623,True,True,pass
D01-S001-03624,True,True,pass
D01-S001-03625,True,True,pass
D01-S001-03626,True,True,pass
D01-S001-03627,True,True,pass
D01-S001-03628,True,True,pass
D01-S001-03629,True,True,pass
D01-S001-03630,True,True,pass
D01-S001-03631,True,True,pass
D01-S001-03632,True,True,pass
D01-S001-03633,True,True,pass
D01-S001-03634,True,True,pass
D01-S001-03635,True,True,pass
D01-S001-03636,True,True,pass
D01-S001-03637,True,True,pass
D01-S001-03638,True,True,pass
D01-S001-03639,True,True,pass
D01-S001-03640,True,True,pass
D01-S001-03641,True,True,pass
D01-S001-03642,True,True,pass
D01-S001-03643,True,True,pass
D01-S001-03644,True,True,pass
D01-S001-03645,True,True,pass
D01-S001-03646,True,True,pass
D01-S001-03647,True,True,pass
D01-S001-03648,True,True,pass
D01-S001-03649,True,True,pass
D01-S001-03650,True,True,pass
D01-S001-03651,True,True,pass
D01-S001-03652,True,True,pass
D01-S001-03653,True,True,pass
D01-S001-03654,True,True,pass
D01-S001-03655,True,True,pass
D01-S001-03656,True,True,pass
D01-S001-03657,True,True,pass
D01-S001-03658,True,True,pass
D01-S001-03659,True,True,pass
D01-S001-03660,True,True,pass
D01-S001-03661,True,True,pass
D01-S001-03662,True,True,pass
D01-S001-03663,True,True,pass
D01-S001-03664,True,True,pass
D01-S001-03665,True,True,pass
D01-S001-03666,True,True,pass
D01-S001-03667,True,True,pass
D01-S001-03668,True,True,pass
D01-S001-03669,True,True,pass
D01-S001-03670,True,True,pass
D01-S001-03671,True,True,pass
D01-S001-03672,True,True,pass
D01-S001-03673,True,True,pass
D01-S001-03674,True,True,pass
D01-S001-03675,True,True,pass
D01-S001-03676,True,True,pass
D01-S001-03677,True,True,pass
D01-S001-03678,True,True,pass
D01-S001-03679,True,True,pass
D01-S001-03680,True,True,pass
D01-S001-03681,True,True,pass
D01-S001-03682,True,True,pass
D01-S001-03683,True,True,pass
D01-S001-03684,True,True,pass
D01-S001-03685,True,True,pass
D01-S001-03686,True,True,pass
D01-S001-03687,True,True,pass
D01-S001-03688,True,True,pass
D01-S001-03689,True,True,pass
D01-S001-03690,True,True,pass
D01-S001-03691,True,True,pass
D01-S001-03692,True,True,pass
D01-S001-03693,True,True,pass
D01-S001-03694,True,True,pass
D01-S001-03695,True,True,pass
D01-S001-03696,True,True,pass
D01-S001-03697,True,True,pass
D01-S001-03698,True,True,pass
D01-S001-03699,True,True,pass
D01-S001-03700,True,True,pass
D01-S001-03701,True,True,pass
D01-S001-03702,True,True,pass
D01-S001-03703,True,True,pass
D01-S001-03704,True,True,pass
D01-S001-03705,True,True,pass
D01-S001-03706,True,True,pass
D01-S001-03707,True,True,pass
D01-S001-03708,True,True,pass
D01-S001-03709,True,True,pass
D01-S001-03710,True,True,pass
D01-S001-03711,True,True,pass
D01-S001-03712,True,True,pass
D01-S001-03713,True,True,pass
D01-S001-03714,True,True,pass
D01-S001-03715,True,True,pass
D01-S001-03716,True,True,pass
D01-S001-03717,True,True,pass
D01-S001-03718,True,True,pass
D01-S001-03719,True,True,pass
D01-S001-03720,True,True,pass
D01-S001-03721,True,True,pass
D01-S001-03722,True,True,pass
D01-S001-03723,True,True,pass
D01-S001-03724,True,True,pass
D01-S001-03725,True,True,pass
D01-S001-03726,True,True,pass
D01-S001-03727,True,True,pass
D01-S001-03728,True,True,pass
D01-S001-03729,True,True,pass
D01-S001-03730,True,True,pass
D01-S001-03731,True,True,pass
D01-S001-03732,True,True,pass
D01-S001-03733,True,True,pass
D01-S001-03734,True,True,pass
D01-S001-03735,True,True,pass
D01-S001-03736,True,True,pass
D01-S001-03737,True,True,pass
D01-S001-03738,True,True,pass
D01-S001-03739,True,True,pass
D01-S001-03740,True,True,pass
D01-S001-03741,True,True,pass
D01-S001-03742,True,True,pass
D01-S001-03743,True,True,pass
D01-S001-03744,True,True,pass
D01-S001-03745,True,True,pass
D01-S001-03746,True,True,pass
D01-S001-03747,True,True,pass
D01-S001-03748,True,True,pass
D01-S001-03749,True,True,pass
D01-S001-03750,True,True,pass
D01-S001-03751,True,True,pass
D01-S001-03752,True,True,pass
D01-S001-03753,True,True,pass
D01-S001-03754,True,True,pass
D01-S001-03755,True,True,pass
D01-S001-03756,True,True,pass
D01-S001-03757,True,True,pass
D01-S001-03758,True,True,pass
D01-S001-03759,True,True,pass
D01-S001-03760,True,True,pass
D01-S001-03761,True,True,pass
D01-S001-03762,True,True,pass
D01-S001-03763,True,True,pass
D01-S001-03764,True,True,pass
D01-S001-03765,True,True,pass
D01-S001-03766,True,True,pass
D01-S001-03767,True,True,pass
D01-S001-03768,True,True,pass
D01-S001-03769,True,True,pass
D01-S001-03770,True,True,pass
D01-S001-03771,True,True,pass
D01-S001-03772,True,True,pass
D01-S001-03773,True,True,pass
D01-S001-03774,True,True,pass
D01-S001-03775,True,True,pass
D01-S001-03776,True,True,pass
D01-S001-03777,True,True,pass
D01-S001-03778,True,True,pass
D01-S001-03779,True,True,pass
D01-S001-03780,True,True,pass
D01-S001-03781,True,True,pass
D01-S001-03782,True,True,pass
D01-S001-03783,True,True,pass
D01-S001-03784,True,True,pass
D01-S001-03785,True,True,pass
D01-S001-03786,True,True,pass
D01-S001-03787,True,True,pass
D01-S001-03788,True,True,pass
D01-S001-03789,True,True,pass
D01-S001-03790,True,True,pass
D01-S001-03791,True,True,pass
D01-S001-03792,True,True,pass
D01-S001-03793,True,True,pass
D01-S001-03794,True,True,pass
D01-S001-03795,True,True,pass
D01-S001-03796,True,True,pass
D01-S001-03797,True,True,pass
D01-S001-03798,True,True,pass
D01-S001-03799,True,True,pass
D01-S001-03800,True,True,pass
D01-S001-03801,True,True,pass
D01-S001-03802,True,True,pass
D01-S001-03803,True,True,pass
D01-S001-03804,True,True,pass
D01-S001-03805,True,True,pass
D01-S001-03806,True,True,pass
D01-S001-03807,True,True,pass
D01-S001-03808,True,True,pass
D01-S001-03809,True,True,pass
D01-S001-03810,True,True,pass
D01-S001-03811,True,True,pass
D01-S001-03812,True,True,pass
D01-S001-03813,True,True,pass
D01-S001-03814,True,True,pass
D01-S001-03815,True,True,pass
D01-S001-03816,True,True,pass
D01-S001-03817,True,True,pass
D01-S001-03818,True,True,pass
D01-S001-03819,True,True,pass
D01-S001-03820,True,True,pass
D01-S001-03821,True,True,pass
D01-S001-03822,True,True,pass
D01-S001-03823,True,True,pass
D01-S001-03824,True,True,pass
D01-S001-03825,True,True,pass
D01-S001-03826,True,True,pass
D01-S001-03827,True,True,pass
D01-S001-03828,True,True,pass
D01-S001-03829,True,True,pass
D01-S001-03830,True,True,pass
D01-S001-03831,True,True,pass
D01-S001-03832,True,True,pass
D01-S001-03833,True,True,pass
D01-S001-03834,True,True,pass
D01-S001-03835,True,True,pass
D01-S001-03836,True,True,pass
D01-S001-03837,True,True,pass
D01-S001-03838,True,True,pass
D01-S001-03839,True,True,pass
D01-S001-03840,True,True,pass
D01-S001-03841,True,True,pass
D01-S001-03842,True,True,pass
D01-S001-03843,True,True,pass
D01-S001-03844,True,True,pass
D01-S001-03845,True,True,pass
D01-S001-03846,True,True,pass
D01-S001-03847,True,True,pass
D01-S001-03848,True,True,pass
D01-S001-03849,True,True,pass
D01-S001-03850,True,True,pass
D01-S001-03851,True,True,pass
D01-S001-03852,True,True,pass
D01-S001-03853,True,True,pass
D01-S001-03854,True,True,pass
D01-S001-03855,True,True,pass
D01-S001-03856,True,True,pass
D01-S001-03857,True,True,pass
D01-S001-03858,True,True,pass
D01-S001-03859,True,True,pass
D01-S001-03860,True,True,pass
D01-S001-03861,True,True,pass
D01-S001-03862,True,True,pass
D01-S001-03863,True,True,pass
D01-S001-03864,True,True,pass
D01-S001-03865,True,True,pass
D01-S001-03866,True,True,pass
D01-S001-03867,True,True,pass
D01-S001-03868,True,True,pass
D01-S001-03869,True,True,pass
D01-S001-03870,True,True,pass
D01-S001-03871,True,True,pass
D01-S001-03872,True,True,pass
D01-S001-03873,True,True,pass
D01-S001-03874,True,True,pass
D01-S001-03875,True,True,pass
D01-S001-03876,True,True,pass
D01-S001-03877,True,True,pass
D01-S001-03878,True,True,pass
D01-S001-03879,True,True,pass
D01-S001-03880,True,True,pass
D01-S001-03881,True,True,pass
D01-S001-03882,True,True,pass
D01-S001-03883,True,True,pass
D01-S001-03884,True,True,pass
D01-S001-03885,True,True,pass
D01-S001-03886,True,True,pass
D01-S001-03887,True,True,pass
D01-S001-03888,True,True,pass
D01-S001-03889,True,True,pass
D01-S001-03890,True,True,pass
D01-S001-03891,True,True,pass
D01-S001-03892,True,True,pass
D01-S001-03893,True,True,pass
D01-S001-03894,True,True,pass
D01-S001-03895,True,True,pass
D01-S001-03896,True,True,pass
D01-S001-03897,True,True,pass
D01-S001-03898,True,True,pass
D01-S001-03899,True,True,pass
D01-S001-03900,True,True,pass
D01-S001-03901,True,True,pass
D01-S001-03902,True,True,pass
D01-S001-03903,True,True,pass
D01-S001-03904,True,True,pass
D01-S001-03905,True,True,pass
D01-S001-03906,True,True,pass
D01-S001-03907,True,True,pass
D01-S001-03908,True,True,pass
D01-S001-03909,True,True,pass
D01-S001-03910,True,True,pass
D01-S001-03911,True,True,pass
D01-S001-03912,True,True,pass
D01-S001-03913,True,True,pass
D01-S001-03914,True,True,pass
D01-S001-03915,True,True,pass
D01-S001-03916,True,True,pass
D01-S001-03917,True,True,pass
D01-S001-03918,True,True,pass
D01-S001-03919,True,True,pass
D01-S001-03920,True,True,pass
D01-S001-03921,True,True,pass
D01-S001-03922,True,True,pass
D01-S001-03923,True,True,pass
D01-S001-03924,True,True,pass
D01-S001-03925,True,True,pass
D01-S001-03926,True,True,pass
D01-S001-03927,True,True,pass
D01-S001-03928,True,True,pass
D01-S001-03929,True,True,pass
D01-S001-03930,True,True,pass
D01-S001-03931,True,True,pass
D01-S001-03932,True,True,pass
D01-S001-03933,True,True,pass
D01-S001-03934,True,True,pass
D01-S001-03935,True,True,pass
D01-S001-03936,True,True,pass
D01-S001-03937,True,True,pass
D01-S001-03938,True,True,pass
D01-S001-03939,True,True,pass
D01-S001-03940,True,True,pass
D01-S001-03941,True,True,pass
D01-S001-03942,True,True,pass
D01-S001-03943,True,True,pass
D01-S001-03944,True,True,pass
D01-S001-03945,True,True,pass
D01-S001-03946,True,True,pass
D01-S001-03947,True,True,pass
D01-S001-03948,True,True,pass
D01-S001-03949,True,True,pass
D01-S001-03950,True,True,pass
D01-S001-03951,True,True,pass
D01-S001-03952,True,True,pass
D01-S001-03953,True,True,pass
D01-S001-03954,True,True,pass
D01-S001-03955,True,True,pass
D01-S001-03956,True,True,pass
D01-S001-03957,True,True,pass
D01-S001-03958,True,True,pass
D01-S001-03959,True,True,pass
D01-S001-03960,True,True,pass
D01-S001-03961,True,True,pass
D01-S001-03962,True,True,pass
D01-S001-03963,True,True,pass
D01-S001-03964,True,True,pass
D01-S001-03965,True,True,pass
D01-S001-03966,True,True,pass
D01-S001-03967,True,True,pass
D01-S001-03968,True,True,pass
D01-S001-03969,True,True,pass
D01-S001-03970,True,True,pass
D01-S001-03971,True,True,pass
D01-S001-03972,True,True,pass
D01-S001-03973,True,True,pass
D01-S001-03974,True,True,pass
D01-S001-03975,True,True,pass
D01-S001-03976,True,True,pass
D01-S001-03977,True,True,pass
D01-S001-03978,True,True,pass
D01-S001-03979,True,True,pass
D01-S001-03980,True,True,pass
D01-S001-03981,True,True,pass
D01-S001-03982,True,True,pass
D01-S001-03983,True,True,pass
D01-S001-03984,True,True,pass
D01-S001-03985,True,True,pass
D01-S001-03986,True,True,pass
D01-S001-03987,True,True,pass
D01-S001-03988,True,True,pass
D01-S001-03989,True,True,pass
D01-S001-03990,True,True,pass
D01-S001-03991,True,True,pass
D01-S001-03992,True,True,pass
D01-S001-03993,True,True,pass
D01-S001-03994,True,True,pass
D01-S001-03995,True,True,pass
D01-S001-03996,True,True,pass
D01-S001-03997,True,True,pass
D01-S001-03998,True,True,pass
D01-S001-03999,True,True,pass
D01-S001-04000,True,True,pass
D01-S001-04001,True,True,pass
D01-S001-04002,True,True,pass
D01-S001-04003,True,True,pass
D01-S001-04004,True,True,pass
D01-S001-04005,True,True,pass
D01-S001-04006,True,True,pass
D01-S001-04007,True,True,pass
D01-S001-04008,True,True,pass
D01-S001-04009,True,True,pass
D01-S001-04010,True,True,pass
D01-S001-04011,True,True,pass
D01-S001-04012,True,True,pass
D01-S001-04013,True,True,pass
D01-S001-04014,True,True,pass
D01-S001-04015,True,True,pass
D01-S001-04016,True,True,pass
D01-S001-04017,True,True,pass
D01-S001-04018,True,True,pass
D01-S001-04019,True,True,pass
D01-S001-04020,True,True,pass
D01-S001-04021,True,True,pass
D01-S001-04022,True,True,pass
D01-S001-04023,True,True,pass
D01-S001-04024,True,True,pass
D01-S001-04025,True,True,pass
D01-S001-04026,True,True,pass
D01-S001-04027,True,True,pass
D01-S001-04028,True,True,pass
D01-S001-04029,True,True,pass
D01-S001-04030,True,True,pass
D01-S001-04031,True,True,pass
D01-S001-04032,True,True,pass
D01-S001-04033,True,True,pass
D01-S001-04034,True,True,pass
D01-S001-04035,True,True,pass
D01-S001-04036,True,True,pass
D01-S001-04037,True,True,pass
D01-S001-04038,True,True,pass
D01-S001-04039,True,True,pass
D01-S001-04040,True,True,pass
D01-S001-04041,True,True,pass
D01-S001-04042,True,True,pass
D01-S001-04043,True,True,pass
D01-S001-04044,True,True,pass
D01-S001-04045,True,True,pass
D01-S001-04046,True,True,pass
D01-S001-04047,True,True,pass
D01-S001-04048,True,True,pass
D01-S001-04049,True,True,pass
D01-S001-04050,True,True,pass
D01-S001-04051,True,True,pass
D01-S001-04052,True,True,pass
D01-S001-04053,True,True,pass
D01-S001-04054,True,True,pass
D01-S001-04055,True,True,pass
D01-S001-04056,True,True,pass
D01-S001-04057,True,True,pass
D01-S001-04058,True,True,pass
D01-S001-04059,True,True,pass
D01-S001-04060,True,True,pass
D01-S001-04061,True,True,pass
D01-S001-04062,True,True,pass
D01-S001-04063,True,True,pass
D01-S001-04064,True,True,pass
D01-S001-04065,True,True,pass
D01-S001-04066,True,True,pass
D01-S001-04067,True,True,pass
D01-S001-04068,True,True,pass
D01-S001-04069,True,True,pass
D01-S001-04070,True,True,pass
D01-S001-04071,True,True,pass
D01-S001-04072,True,True,pass
D01-S001-04073,True,True,pass
D01-S001-04074,True,True,pass
D01-S001-04075,True,True,pass
D01-S001-04076,True,True,pass
D01-S001-04077,True,True,pass
D01-S001-04078,True,True,pass
D01-S001-04079,True,True,pass
D01-S001-04080,True,True,pass
D01-S001-04081,True,True,pass
D01-S001-04082,True,True,pass
D01-S001-04083,True,True,pass
D01-S001-04084,True,True,pass
D01-S001-04085,True,True,pass
D01-S001-04086,True,True,pass
D01-S001-04087,True,True,pass
D01-S001-04088,True,True,pass
D01-S001-04089,True,True,pass
D01-S001-04090,True,True,pass
D01-S001-04091,True,True,pass
D01-S001-04092,True,True,pass
D01-S001-04093,True,True,pass
D01-S001-04094,True,True,pass
D01-S001-04095,True,True,pass
D01-S001-04096,True,True,pass
D01-S001-04097,True,True,pass
D01-S001-04098,True,True,pass
D01-S001-04099,True,True,pass
D01-S001-04100,True,True,pass
D01-S001-04101,True,True,pass
D01-S001-04102,True,True,pass
D01-S001-04103,True,True,pass
D01-S001-04104,True,True,pass
D01-S001-04105,True,True,pass
D01-S001-04106,True,True,pass
D01-S001-04107,True,True,pass
D01-S001-04108,True,True,pass
D01-S001-04109,True,True,pass
D01-S001-04110,True,True,pass
D01-S001-04111,True,True,pass
D01-S001-04112,True,True,pass
D01-S001-04113,True,True,pass
D01-S001-04114,True,True,pass
D01-S001-04115,True,True,pass
D01-S001-04116,True,True,pass
D01-S001-04117,True,True,pass
D01-S001-04118,True,True,pass
D01-S001-04119,True,True,pass
D01-S001-04120,True,True,pass
D01-S001-04121,True,True,pass
D01-S001-04122,True,True,pass
D01-S001-04123,True,True,pass
D01-S001-04124,True,True,pass
D01-S001-04125,True,True,pass
D01-S001-04126,True,True,pass
D01-S001-04127,True,True,pass
D01-S001-04128,True,True,pass
D01-S001-04129,True,True,pass
D01-S001-04130,True,True,pass
D01-S001-04131,True,True,pass
D01-S001-04132,True,True,pass
D01-S001-04133,True,True,pass
D01-S001-04134,True,True,pass
D01-S001-04135,True,True,pass
D01-S001-04136,True,True,pass
D01-S001-04137,True,True,pass
D01-S001-04138,True,True,pass
D01-S001-04139,True,True,pass
D01-S001-04140,True,True,pass
D01-S001-04141,True,True,pass
D01-S001-04142,True,True,pass
D01-S001-04143,True,True,pass
D01-S001-04144,True,True,pass
D01-S001-04145,True,True,pass
D01-S001-04146,True,True,pass
D01-S001-04147,True,True,pass
D01-S001-04148,True,True,pass
D01-S001-04149,True,True,pass
D01-S001-04150,True,True,pass
D01-S001-04151,True,True,pass
D01-S001-04152,True,True,pass
D01-S001-04153,True,True,pass
D01-S001-04154,True,True,pass
D01-S001-04155,True,True,pass
D01-S001-04156,True,True,pass
D01-S001-04157,True,True,pass
D01-S001-04158,True,True,pass
D01-S001-04159,True,True,pass
D01-S001-04160,True,True,pass
D01-S001-04161,True,True,pass
D01-S001-04162,True,True,pass
D01-S001-04163,True,True,pass
D01-S001-04164,True,True,pass
D01-S001-04165,True,True,pass
D01-S001-04166,True,True,pass
D01-S001-04167,True,True,pass
D01-S001-04168,True,True,pass
D01-S001-04169,True,True,pass
D01-S001-04170,True,True,pass
D01-S001-04171,True,True,pass
D01-S001-04172,True,True,pass
D01-S001-04173,True,True,pass
D01-S001-04174,True,True,pass
D01-S001-04175,True,True,pass
D01-S001-04176,True,True,pass
D01-S001-04177,True,True,pass
D01-S001-04178,True,True,pass
D01-S001-04179,True,True,pass
D01-S001-04180,True,True,pass
D01-S001-04181,True,True,pass
D01-S001-04182,True,True,pass
D01-S001-04183,True,True,pass
D01-S001-04184,True,True,pass
D01-S001-04185,True,True,pass
D01-S001-04186,True,True,pass
D01-S001-04187,True,True,pass
D01-S001-04188,True,True,pass
D01-S001-04189,True,True,pass
D01-S001-04190,True,True,pass
D01-S001-04191,True,True,pass
D01-S001-04192,True,True,pass
D01-S001-04193,True,True,pass
D01-S001-04194,True,True,pass
D01-S001-04195,True,True,pass
D01-S001-04196,True,True,pass
D01-S001-04197,True,True,pass
D01-S001-04198,True,True,pass
D01-S001-04199,True,True,pass
D01-S001-04200,True,True,pass
D01-S001-04201,True,True,pass
D01-S001-04202,True,True,pass
D01-S001-04203,True,True,pass
D01-S001-04204,True,True,pass
D01-S001-04205,True,True,pass
D01-S001-04206,True,True,pass
D01-S001-04207,True,True,pass
D01-S001-04208,True,True,pass
D01-S001-04209,True,True,pass
D01-S001-04210,True,True,pass
D01-S001-04211,True,True,pass
D01-S001-04212,True,True,pass
D01-S001-04213,True,True,pass
D01-S001-04214,True,True,pass
D01-S001-04215,True,True,pass
D01-S001-04216,True,True,pass
D01-S001-04217,True,True,pass
D01-S001-04218,True,True,pass
D01-S001-04219,True,True,pass
D01-S001-04220,True,True,pass
D01-S001-04221,True,True,pass
D01-S001-04222,True,True,pass
D01-S001-04223,True,True,pass
D01-S001-04224,True,True,pass
D01-S001-04225,True,True,pass
D01-S001-04226,True,True,pass
D01-S001-04227,True,True,pass
D01-S001-04228,True,True,pass
D01-S001-04229,True,True,pass
D01-S001-04230,True,True,pass
D01-S001-04231,True,True,pass
D01-S001-04232,True,True,pass
D01-S001-04233,True,True,pass
D01-S001-04234,True,True,pass
D01-S001-04235,True,True,pass
D01-S001-04236,True,True,pass
D01-S001-04237,True,True,pass
D01-S001-04238,True,True,pass
D01-S001-04239,True,True,pass
D01-S001-04240,True,True,pass
D01-S001-04241,True,True,pass
D01-S001-04242,True,True,pass
D01-S001-04243,True,True,pass
D01-S001-04244,True,True,pass
D01-S001-04245,True,True,pass
D01-S001-04246,True,True,pass
D01-S001-04247,True,True,pass
D01-S001-04248,True,True,pass
D01-S001-04249,True,True,pass
D01-S001-04250,True,True,pass
D01-S001-04251,True,True,pass
D01-S001-04252,True,True,pass
D01-S001-04253,True,True,pass
D01-S001-04254,True,True,pass
D01-S001-04255,True,True,pass
D01-S001-04256,True,True,pass
D01-S001-04257,True,True,pass
D01-S001-04258,True,True,pass
D01-S001-04259,True,True,pass
D01-S001-04260,True,True,pass
D01-S001-04261,True,True,pass
D01-S001-04262,True,True,pass
D01-S001-04263,True,True,pass
D01-S001-04264,True,True,pass
D01-S001-04265,True,True,pass
D01-S001-04266,True,True,pass
D01-S001-04267,True,True,pass
D01-S001-04268,True,True,pass
D01-S001-04269,True,True,pass
D01-S001-04270,True,True,pass
D01-S001-04271,True,True,pass
D01-S001-04272,True,True,pass
D01-S001-04273,True,True,pass
D01-S001-04274,True,True,pass
D01-S001-04275,True,True,pass
D01-S001-04276,True,True,pass
D01-S001-04277,True,True,pass
D01-S001-04278,True,True,pass
D01-S001-04279,True,True,pass
D01-S001-04280,True,True,pass
D01-S001-04281,True,True,pass
D01-S001-04282,True,True,pass
D01-S001-04283,True,True,pass
D01-S001-04284,True,True,pass
D01-S001-04285,True,True,pass
D01-S001-04286,True,True,pass
D01-S001-04287,True,True,pass
D01-S001-04288,True,True,pass
D01-S001-04289,True,True,pass
D01-S001-04290,True,True,pass
D01-S001-04291,True,True,pass
D01-S001-04292,True,True,pass
D01-S001-04293,True,True,pass
D01-S001-04294,True,True,pass
D01-S001-04295,True,True,pass
D01-S001-04296,True,True,pass
D01-S001-04297,True,True,pass
D01-S001-04298,True,True,pass
D01-S001-04299,True,True,pass
D01-S001-04300,True,True,pass
D01-S001-04301,True,True,pass
D01-S001-04302,True,True,pass
D01-S001-04303,True,True,pass
D01-S001-04304,True,True,pass
D01-S001-04305,True,True,pass
D01-S001-04306,True,True,pass
D01-S001-04307,True,True,pass
D01-S001-04308,True,True,pass
D01-S001-04309,True,True,pass
D01-S001-04310,True,True,pass
D01-S001-04311,True,True,pass
D01-S001-04312,True,True,pass
D01-S001-04313,True,True,pass
D01-S001-04314,True,True,pass
D01-S001-04315,True,True,pass
D01-S001-04316,True,True,pass
D01-S001-04317,True,True,pass
D01-S001-04318,True,True,pass
D01-S001-04319,True,True,pass
D01-S001-04320,True,True,pass
D01-S001-04321,True,True,pass
D01-S001-04322,True,True,pass
D01-S001-04323,True,True,pass
D01-S001-04324,True,True,pass
D01-S001-04325,True,True,pass
D01-S001-04326,True,True,pass
D01-S001-04327,True,True,pass
D01-S001-04328,True,True,pass
D01-S001-04329,True,True,pass
D01-S001-04330,True,True,pass
D01-S001-04331,True,True,pass
D01-S001-04332,True,True,pass
D01-S001-04333,True,True,pass
D01-S001-04334,True,True,pass
D01-S001-04335,True,True,pass
D01-S001-04336,True,True,pass
D01-S001-04337,True,True,pass
D01-S001-04338,True,True,pass
D01-S001-04339,True,True,pass
D01-S001-04340,True,True,pass
D01-S001-04341,True,True,pass
D01-S001-04342,True,True,pass
D01-S001-04343,True,True,pass
D01-S001-04344,True,True,pass
D01-S001-04345,True,True,pass
D01-S001-04346,True,True,pass
D01-S001-04347,True,True,pass
D01-S001-04348,True,True,pass
D01-S001-04349,True,True,pass
D01-S001-04350,True,True,pass
D01-S001-04351,True,True,pass
D01-S001-04352,True,True,pass
D01-S001-04353,True,True,pass
D01-S001-04354,True,True,pass
D01-S001-04355,True,True,pass
D01-S001-04356,True,True,pass
D01-S001-04357,True,True,pass
D01-S001-04358,True,True,pass
D01-S001-04359,True,True,pass
D01-S001-04360,True,True,pass
D01-S001-04361,True,True,pass
D01-S001-04362,True,True,pass
D01-S001-04363,True,True,pass
D01-S001-04364,True,True,pass
D01-S001-04365,True,True,pass
D01-S001-04366,True,True,pass
D01-S001-04367,True,True,pass
D01-S001-04368,True,True,pass
D01-S001-04369,True,True,pass
D01-S001-04370,True,True,pass
D01-S001-04371,True,True,pass
D01-S001-04372,True,True,pass
D01-S001-04373,True,True,pass
D01-S001-04374,True,True,pass
D01-S001-04375,True,True,pass
D01-S001-04376,True,True,pass
D01-S001-04377,True,True,pass
D01-S001-04378,True,True,pass
D01-S001-04379,True,True,pass
D01-S001-04380,True,True,pass
D01-S001-04381,True,True,pass
D01-S001-04382,True,True,pass
D01-S001-04383,True,True,pass
D01-S001-04384,True,True,pass
D01-S001-04385,True,True,pass
D01-S001-04386,True,True,pass
D01-S001-04387,True,True,pass
D01-S001-04388,True,True,pass
D01-S001-04389,True,True,pass
D01-S001-04390,True,True,pass
D01-S001-04391,True,True,pass
D01-S001-04392,True,True,pass
D01-S001-04393,True,True,pass
D01-S001-04394,True,True,pass
D01-S001-04395,True,True,pass
D01-S001-04396,True,True,pass
D01-S001-04397,True,True,pass
D01-S001-04398,True,True,pass
D01-S001-04399,True,True,pass
D01-S001-04400,True,True,pass
D01-S001-04401,True,True,pass
D01-S001-04402,True,True,pass
D01-S001-04403,True,True,pass
D01-S001-04404,True,True,pass
D01-S001-04405,True,True,pass
D01-S001-04406,True,True,pass
D01-S001-04407,True,True,pass
D01-S001-04408,True,True,pass
D01-S001-04409,True,True,pass
D01-S001-04410,True,True,pass
D01-S001-04411,True,True,pass
D01-S001-04412,True,True,pass
D01-S001-04413,True,True,pass
D01-S001-04414,True,True,pass
D01-S001-04415,True,True,pass
D01-S001-04416,True,True,pass
D01-S001-04417,True,True,pass
D01-S001-04418,True,True,pass
D01-S001-04419,True,True,pass
D01-S001-04420,True,True,pass
D01-S001-04421,True,True,pass
D01-S001-04422,True,True,pass
D01-S001-04423,True,True,pass
D01-S001-04424,True,True,pass
D01-S001-04425,True,True,pass
D01-S001-04426,True,True,pass
D01-S001-04427,True,True,pass
D01-S001-04428,True,True,pass
D01-S001-04429,True,True,pass
D01-S001-04430,True,True,pass
D01-S001-04431,True,True,pass
D01-S001-04432,True,True,pass
D01-S001-04433,True,True,pass
D01-S001-04434,True,True,pass
D01-S001-04435,True,True,pass
D01-S001-04436,True,True,pass
D01-S001-04437,True,True,pass
D01-S001-04438,True,True,pass
D01-S001-04439,True,True,pass
D01-S001-04440,True,True,pass
D01-S001-04441,True,True,pass
D01-S001-04442,True,True,pass
D01-S001-04443,True,True,pass
D01-S001-04444,True,True,pass
D01-S001-04445,True,True,pass
D01-S001-04446,True,True,pass
D01-S001-04447,True,True,pass
D01-S001-04448,True,True,pass
D01-S001-04449,True,True,pass
D01-S001-04450,True,True,pass
D01-S001-04451,True,True,pass
D01-S001-04452,True,True,pass
D01-S001-04453,True,True,pass
D01-S001-04454,True,True,pass
D01-S001-04455,True,True,pass
D01-S001-04456,True,True,pass
D01-S001-04457,True,True,pass
D01-S001-04458,True,True,pass
D01-S001-04459,True,True,pass
D01-S001-04460,True,True,pass
D01-S001-04461,True,True,pass
D01-S001-04462,True,True,pass
D01-S001-04463,True,True,pass
D01-S001-04464,True,True,pass
D01-S001-04465,True,True,pass
D01-S001-04466,True,True,pass
D01-S001-04467,True,True,pass
D01-S001-04468,True,True,pass
D01-S001-04469,True,True,pass
D01-S001-04470,True,True,pass
D01-S001-04471,True,True,pass
D01-S001-04472,True,True,pass
D01-S001-04473,True,True,pass
D01-S001-04474,True,True,pass
D01-S001-04475,True,True,pass
D01-S001-04476,True,True,pass
D01-S001-04477,True,True,pass
D01-S001-04478,True,True,pass
D01-S001-04479,True,True,pass
D01-S001-04480,True,True,pass
D01-S001-04481,True,True,pass
D01-S001-04482,True,True,pass
D01-S001-04483,True,True,pass
D01-S001-04484,True,True,pass
D01-S001-04485,True,True,pass
D01-S001-04486,True,True,pass
D01-S001-04487,True,True,pass
D01-S001-04488,True,True,pass
D01-S001-04489,True,True,pass
D01-S001-04490,True,True,pass
D01-S001-04491,True,True,pass
D01-S001-04492,True,True,pass
D01-S001-04493,True,True,pass
D01-S001-04494,True,True,pass
D01-S001-04495,True,True,pass
D01-S001-04496,True,True,pass
D01-S001-04497,True,True,pass
D01-S001-04498,True,True,pass
D01-S001-04499,True,True,pass
D01-S001-04500,True,True,pass
D01-S001-04501,True,True,pass
D01-S001-04502,True,True,pass
D01-S001-04503,True,True,pass
D01-S001-04504,True,True,pass
D01-S001-04505,True,True,pass
D01-S001-04506,True,True,pass
D01-S001-04507,True,True,pass
D01-S001-04508,True,True,pass
D01-S001-04509,True,True,pass
D01-S001-04510,True,True,pass
D01-S001-04511,True,True,pass
D01-S001-04512,True,True,pass
D01-S001-04513,True,True,pass
D01-S001-04514,True,True,pass
D01-S001-04515,True,True,pass
D01-S001-04516,True,True,pass
D01-S001-04517,True,True,pass
D01-S001-04518,True,True,pass
D01-S001-04519,True,True,pass
D01-S001-04520,True,True,pass
D01-S001-04521,True,True,pass
D01-S001-04522,True,True,pass
D01-S001-04523,True,True,pass
D01-S001-04524,True,True,pass
D01-S001-04525,True,True,pass
D01-S001-04526,True,True,pass
D01-S001-04527,True,True,pass
D01-S001-04528,True,True,pass
D01-S001-04529,True,True,pass
D01-S001-04530,True,True,pass
D01-S001-04531,True,True,pass
D01-S001-04532,True,True,pass
D01-S001-04533,True,True,pass
D01-S001-04534,True,True,pass
D01-S001-04535,True,True,pass
D01-S001-04536,True,True,pass
D01-S001-04537,True,True,pass
D01-S001-04538,True,True,pass
D01-S001-04539,True,True,pass
D01-S001-04540,True,True,pass
D01-S001-04541,True,True,pass
D01-S001-04542,True,True,pass
D01-S001-04543,True,True,pass
D01-S001-04544,True,True,pass
D01-S001-04545,True,True,pass
D01-S001-04546,True,True,pass
D01-S001-04547,True,True,pass
D01-S001-04548,True,True,pass
D01-S001-04549,True,True,pass
D01-S001-04550,True,True,pass
D01-S001-04551,True,True,pass
D01-S001-04552,True,True,pass
D01-S001-04553,True,True,pass
D01-S001-04554,True,True,pass
D01-S001-04555,True,True,pass
D01-S001-04556,True,True,pass
D01-S001-04557,True,True,pass
D01-S001-04558,True,True,pass
D01-S001-04559,True,True,pass
D01-S001-04560,True,True,pass
D01-S001-04561,True,True,pass
D01-S001-04562,True,True,pass
D01-S001-04563,True,True,pass
D01-S001-04564,True,True,pass
D01-S001-04565,True,True,pass
D01-S001-04566,True,True,pass
D01-S001-04567,True,True,pass
D01-S001-04568,True,True,pass
D01-S001-04569,True,True,pass
D01-S001-04570,True,True,pass
D01-S001-04571,True,True,pass
D01-S001-04572,True,True,pass
D01-S001-04573,True,True,pass
D01-S001-04574,True,True,pass
D01-S001-04575,True,True,pass
D01-S001-04576,True,True,pass
D01-S001-04577,True,True,pass
D01-S001-04578,True,True,pass
D01-S001-04579,True,True,pass
D01-S001-04580,True,True,pass
D01-S001-04581,True,True,pass
D01-S001-04582,True,True,pass
D01-S001-04583,True,True,pass
D01-S001-04584,True,True,pass
D01-S001-04585,True,True,pass
D01-S001-04586,True,True,pass
D01-S001-04587,True,True,pass
D01-S001-04588,True,True,pass
D01-S001-04589,True,True,pass
D01-S001-04590,True,True,pass
D01-S001-04591,True,True,pass
D01-S001-04592,True,True,pass
D01-S001-04593,True,True,pass
D01-S001-04594,True,True,pass
D01-S001-04595,True,True,pass
D01-S001-04596,True,True,pass
D01-S001-04597,True,True,pass
D01-S001-04598,True,True,pass
D01-S001-04599,True,True,pass
D01-S001-04600,True,True,pass
D01-S001-04601,True,True,pass
D01-S001-04602,True,True,pass
D01-S001-04603,True,True,pass
D01-S001-04604,True,True,pass
D01-S001-04605,True,True,pass
D01-S001-04606,True,True,pass
D01-S001-04607,True,True,pass
D01-S001-04608,True,True,pass
D01-S001-04609,True,True,pass
D01-S001-04610,True,True,pass
D01-S001-04611,True,True,pass
D01-S001-04612,True,True,pass
D01-S001-04613,True,True,pass
D01-S001-04614,True,True,pass
D01-S001-04615,True,True,pass
D01-S001-04616,True,True,pass
D01-S001-04617,True,True,pass
D01-S001-04618,True,True,pass
D01-S001-04619,True,True,pass
D01-S001-04620,True,True,pass
D01-S001-04621,True,True,pass
D01-S001-04622,True,True,pass
D01-S001-04623,True,True,pass
D01-S001-04624,True,True,pass
D01-S001-04625,True,True,pass
D01-S001-04626,True,True,pass
D01-S001-04627,True,True,pass
D01-S001-04628,True,True,pass
D01-S001-04629,True,True,pass
D01-S001-04630,True,True,pass
D01-S001-04631,True,True,pass
D01-S001-04632,True,True,pass
D01-S001-04633,True,True,pass
D01-S001-04634,True,True,pass
D01-S001-04635,True,True,pass
D01-S001-04636,True,True,pass
D01-S001-04637,True,True,pass
D01-S001-04638,True,True,pass
D01-S001-04639,True,True,pass
D01-S001-04640,True,True,pass
D01-S001-04641,True,True,pass
D01-S001-04642,True,True,pass
D01-S001-04643,True,True,pass
D01-S001-04644,True,True,pass
D01-S001-04645,True,True,pass
D01-S001-04646,True,True,pass
D01-S001-04647,True,True,pass
D01-S001-04648,True,True,pass
D01-S001-04649,True,True,pass
D01-S001-04650,True,True,pass
D01-S001-04651,True,True,pass
D01-S001-04652,True,True,pass
D01-S001-04653,True,True,pass
D01-S001-04654,True,True,pass
D01-S001-04655,True,True,pass
D01-S001-04656,True,True,pass
D01-S001-04657,True,True,pass
D01-S001-04658,True,True,pass
D01-S001-04659,True,True,pass
D01-S001-04660,True,True,pass
D01-S001-04661,True,True,pass
D01-S001-04662,True,True,pass
D01-S001-04663,True,True,pass
D01-S001-04664,True,True,pass
D01-S001-04665,True,True,pass
D01-S001-04666,True,True,pass
D01-S001-04667,True,True,pass
D01-S001-04668,True,True,pass
D01-S001-04669,True,True,pass
D01-S001-04670,True,True,pass
D01-S001-04671,True,True,pass
D01-S001-04672,True,True,pass
D01-S001-04673,True,True,pass
D01-S001-04674,True,True,pass
D01-S001-04675,True,True,pass
D01-S001-04676,True,True,pass
D01-S001-04677,True,True,pass
D01-S001-04678,True,True,pass
D01-S001-04679,True,True,pass
D01-S001-04680,True,True,pass
D01-S001-04681,True,True,pass
D01-S001-04682,True,True,pass
D01-S001-04683,True,True,pass
D01-S001-04684,True,True,pass
D01-S001-04685,True,True,pass
D01-S001-04686,True,True,pass
D01-S001-04687,True,True,pass
D01-S001-04688,True,True,pass
D01-S001-04689,True,True,pass
D01-S001-04690,True,True,pass
D01-S001-04691,True,True,pass
D01-S001-04692,True,True,pass
D01-S001-04693,True,True,pass
D01-S001-04694,True,True,pass
D01-S001-04695,True,True,pass
D01-S001-04696,True,True,pass
D01-S001-04697,True,True,pass
D01-S001-04698,True,True,pass
D01-S001-04699,True,True,pass
D01-S001-04700,True,True,pass
D01-S001-04701,True,True,pass
D01-S001-04702,True,True,pass
D01-S001-04703,True,True,pass
D01-S001-04704,True,True,pass
D01-S001-04705,True,True,pass
D01-S001-04706,True,True,pass
D01-S001-04707,True,True,pass
D01-S001-04708,True,True,pass
D01-S001-04709,True,True,pass
D01-S001-04710,True,True,pass
D01-S001-04711,True,True,pass
D01-S001-04712,True,True,pass
D01-S001-04713,True,True,pass
D01-S001-04714,True,True,pass
D01-S001-04715,True,True,pass
D01-S001-04716,True,True,pass
D01-S001-04717,True,True,pass
D01-S001-04718,True,True,pass
D01-S001-04719,True,True,pass
D01-S001-04720,True,True,pass
D01-S001-04721,True,True,pass
D01-S001-04722,True,True,pass
D01-S001-04723,True,True,pass
D01-S001-04724,True,True,pass
D01-S001-04725,True,True,pass
D01-S001-04726,True,True,pass
D01-S001-04727,True,True,pass
D01-S001-04728,True,True,pass
D01-S001-04729,True,True,pass
D01-S001-04730,True,True,pass
D01-S001-04731,True,True,pass
D01-S001-04732,True,True,pass
D01-S001-04733,True,True,pass
D01-S001-04734,True,True,pass
D01-S001-04735,True,True,pass
D01-S001-04736,True,True,pass
D01-S001-04737,True,True,pass
D01-S001-04738,True,True,pass
D01-S001-04739,True,True,pass
D01-S001-04740,True,True,pass
D01-S001-04741,True,True,pass
D01-S001-04742,True,True,pass
D01-S001-04743,True,True,pass
D01-S001-04744,True,True,pass
D01-S001-04745,True,True,pass
D01-S001-04746,True,True,pass
D01-S001-04747,True,True,pass
D01-S001-04748,True,True,pass
D01-S001-04749,True,True,pass
D01-S001-04750,True,True,pass
D01-S001-04751,True,True,pass
D01-S001-04752,True,True,pass
D01-S001-04753,True,True,pass
D01-S001-04754,True,True,pass
D01-S001-04755,True,True,pass
D01-S001-04756,True,True,pass
D01-S001-04757,True,True,pass
D01-S001-04758,True,True,pass
D01-S001-04759,True,True,pass
D01-S001-04760,True,True,pass
D01-S001-04761,True,True,pass
D01-S001-04762,True,True,pass
D01-S001-04763,True,True,pass
D01-S001-04764,True,True,pass
D01-S001-04765,True,True,pass
D01-S001-04766,True,True,pass
D01-S001-04767,True,True,pass
D01-S001-04768,True,True,pass
D01-S001-04769,True,True,pass
D01-S001-04770,True,True,pass
D01-S001-04771,True,True,pass
D01-S001-04772,True,True,pass
D01-S001-04773,True,True,pass
D01-S001-04774,True,True,pass
D01-S001-04775,True,True,pass
D01-S001-04776,True,True,pass
D01-S001-04777,True,True,pass
D01-S001-04778,True,True,pass
D01-S001-04779,True,True,pass
D01-S001-04780,True,True,pass
D01-S001-04781,True,True,pass
D01-S001-04782,True,True,pass
D01-S001-04783,True,True,pass
D01-S001-04784,True,True,pass
D01-S001-04785,True,True,pass
D01-S001-04786,True,True,pass
D01-S001-04787,True,True,pass
D01-S001-04788,True,True,pass
D01-S001-04789,True,True,pass
D01-S001-04790,True,True,pass
D01-S001-04791,True,True,pass
D01-S001-04792,True,True,pass
D01-S001-04793,True,True,pass
D01-S001-04794,True,True,pass
D01-S001-04795,True,True,pass
D01-S001-04796,True,True,pass
D01-S001-04797,True,True,pass
D01-S001-04798,True,True,pass
D01-S001-04799,True,True,pass
D01-S001-04800,True,True,pass
D01-S001-04801,True,True,pass
D01-S001-04802,True,True,pass
D01-S001-04803,True,True,pass
D01-S001-04804,True,True,pass
D01-S001-04805,True,True,pass
D01-S001-04806,True,True,pass
D01-S001-04807,True,True,pass
D01-S001-04808,True,True,pass
D01-S001-04809,True,True,pass
D01-S001-04810,True,True,pass
D01-S001-04811,True,True,pass
D01-S001-04812,True,True,pass
D01-S001-04813,True,True,pass
D01-S001-04814,True,True,pass
D01-S001-04815,True,True,pass
D01-S001-04816,True,True,pass
D01-S001-04817,True,True,pass
D01-S001-04818,True,True,pass
D01-S001-04819,True,True,pass
D01-S001-04820,True,True,pass
D01-S001-04821,True,True,pass
D01-S001-04822,True,True,pass
D01-S001-04823,True,True,pass
D01-S001-04824,True,True,pass
D01-S001-04825,True,True,pass
D01-S001-04826,True,True,pass
D01-S001-04827,True,True,pass
D01-S001-04828,True,True,pass
D01-S001-04829,True,True,pass
D01-S001-04830,True,True,pass
D01-S001-04831,True,True,pass
D01-S001-04832,True,True,pass
D01-S001-04833,True,True,pass
D01-S001-04834,True,True,pass
D01-S001-04835,True,True,pass
D01-S001-04836,True,True,pass
D01-S001-04837,True,True,pass
D01-S001-04838,True,True,pass
D01-S001-04839,True,True,pass
D01-S001-04840,True,True,pass
D01-S001-04841,True,True,pass
D01-S001-04842,True,True,pass
D01-S001-04843,True,True,pass
D01-S001-04844,True,True,pass
D01-S001-04845,True,True,pass
D01-S001-04846,True,True,pass
D01-S001-04847,True,True,pass
D01-S001-04848,True,True,pass
D01-S001-04849,True,True,pass
D01-S001-04850,True,True,pass
D01-S001-04851,True,True,pass
D01-S001-04852,True,True,pass
D01-S001-04853,True,True,pass
D01-S001-04854,True,True,pass
D01-S001-04855,True,True,pass
D01-S001-04856,True,True,pass
D01-S001-04857,True,True,pass
D01-S001-04858,True,True,pass
D01-S001-04859,True,True,pass
D01-S001-04860,True,True,pass
D01-S001-04861,True,True,pass
D01-S001-04862,True,True,pass
D01-S001-04863,True,True,pass
D01-S001-04864,True,True,pass
D01-S001-04865,True,True,pass
D01-S001-04866,True,True,pass
D01-S001-04867,True,True,pass
D01-S001-04868,True,True,pass
D01-S001-04869,True,True,pass
D01-S001-04870,True,True,pass
D01-S001-04871,True,True,pass
D01-S001-04872,True,True,pass
D01-S001-04873,True,True,pass
D01-S001-04874,True,True,pass
D01-S001-04875,True,True,pass
D01-S001-04876,True,True,pass
D01-S001-04877,True,True,pass
D01-S001-04878,True,True,pass
D01-S001-04879,True,True,pass
D01-S001-04880,True,True,pass
D01-S001-04881,True,True,pass
D01-S001-04882,True,True,pass
D01-S001-04883,True,True,pass
D01-S001-04884,True,True,pass
D01-S001-04885,True,True,pass
D01-S001-04886,True,True,pass
D01-S001-04887,True,True,pass
D01-S001-04888,True,True,pass
D01-S001-04889,True,True,pass
D01-S001-04890,True,True,pass
D01-S001-04891,True,True,pass
D01-S001-04892,True,True,pass
D01-S001-04893,True,True,pass
D01-S001-04894,True,True,pass
D01-S001-04895,True,True,pass
D01-S001-04896,True,True,pass
D01-S001-04897,True,True,pass
D01-S001-04898,True,True,pass
D01-S001-04899,True,True,pass
D01-S001-04900,True,True,pass
D01-S001-04901,True,True,pass
D01-S001-04902,True,True,pass
D01-S001-04903,True,True,pass
D01-S001-04904,True,True,pass
D01-S001-04905,True,True,pass
D01-S001-04906,True,True,pass
D01-S001-04907,True,True,pass
D01-S001-04908,True,True,pass
D01-S001-04909,True,True,pass
D01-S001-04910,True,True,pass
D01-S001-04911,True,True,pass
D01-S001-04912,True,True,pass
D01-S001-04913,True,True,pass
D01-S001-04914,True,True,pass
D01-S001-04915,True,True,pass
D01-S001-04916,True,True,pass
D01-S001-04917,True,True,pass
D01-S001-04918,True,True,pass
D01-S001-04919,True,True,pass
D01-S001-04920,True,True,pass
D01-S001-04921,True,True,pass
D01-S001-04922,True,True,pass
D01-S001-04923,True,True,pass
D01-S001-04924,True,True,pass
D01-S001-04925,True,True,pass
D01-S001-04926,True,True,pass
D01-S001-04927,True,True,pass
D01-S001-04928,True,True,pass
D01-S001-04929,True,True,pass
D01-S001-04930,True,True,pass
D01-S001-04931,True,True,pass
D01-S001-04932,True,True,pass
D01-S001-04933,True,True,pass
D01-S001-04934,True,True,pass
D01-S001-04935,True,True,pass
D01-S001-04936,True,True,pass
D01-S001-04937,True,True,pass
D01-S001-04938,True,True,pass
D01-S001-04939,True,True,pass
D01-S001-04940,True,True,pass
D01-S001-04941,True,True,pass
D01-S001-04942,True,True,pass
D01-S001-04943,True,True,pass
D01-S001-04944,True,True,pass
D01-S001-04945,True,True,pass
D01-S001-04946,True,True,pass
D01-S001-04947,True,True,pass
D01-S001-04948,True,True,pass
D01-S001-04949,True,True,pass
D01-S001-04950,True,True,pass
D01-S001-04951,True,True,pass
D01-S001-04952,True,True,pass
D01-S001-04953,True,True,pass
D01-S001-04954,True,True,pass
D01-S001-04955,True,True,pass
D01-S001-04956,True,True,pass
D01-S001-04957,True,True,pass
D01-S001-04958,True,True,pass
D01-S001-04959,True,True,pass
D01-S001-04960,True,True,pass
D01-S001-04961,True,True,pass
D01-S001-04962,True,True,pass
D01-S001-04963,True,True,pass
D01-S001-04964,True,True,pass
D01-S001-04965,True,True,pass
D01-S001-04966,True,True,pass
D01-S001-04967,True,True,pass
D01-S001-04968,True,True,pass
D01-S001-04969,True,True,pass
D01-S001-04970,True,True,pass
D01-S001-04971,True,True,pass
D01-S001-04972,True,True,pass
D01-S001-04973,True,True,pass
D01-S001-04974,True,True,pass
D01-S001-04975,True,True,pass
D01-S001-04976,True,True,pass
D01-S001-04977,True,True,pass
D01-S001-04978,True,True,pass
D01-S001-04979,True,True,pass
D01-S001-04980,True,True,pass
D01-S001-04981,True,True,pass
D01-S001-04982,True,True,pass
D01-S001-04983,True,True,pass
D01-S001-04984,True,True,pass
D01-S001-04985,True,True,pass
D01-S001-04986,True,True,pass
D01-S001-04987,True,True,pass
D01-S001-04988,True,True,pass
D01-S001-04989,True,True,pass
D01-S001-04990,True,True,pass
D01-S001-04991,True,True,pass
D01-S001-04992,True,True,pass
D01-S001-04993,True,True,pass
D01-S001-04994,True,True,pass
D01-S001-04995,True,True,pass
D01-S001-04996,True,True,pass
D01-S001-04997,True,True,pass
D01-S001-04998,True,True,pass
D01-S001-04999,True,True,pass
D01-S001-05000,True,True,pass
D01-S001-05001,True,True,pass
D01-S001-05002,True,True,pass
D01-S001-05003,True,True,pass
D01-S001-05004,True,True,pass
D01-S001-05005,True,True,pass
D01-S001-05006,True,True,pass
D01-S001-05007,True,True,pass
D01-S001-05008,True,True,pass
D01-S001-05009,True,True,pass
D01-S001-05010,True,True,pass
D01-S001-05011,True,True,pass
D01-S001-05012,True,True,pass
D01-S001-05013,True,True,pass
D01-S001-05014,True,True,pass
D01-S001-05015,True,True,pass
D01-S001-05016,True,True,pass
D01-S001-05017,True,True,pass
D01-S001-05018,True,True,pass
D01-S001-05019,True,True,pass
D01-S001-05020,True,True,pass
D01-S001-05021,True,True,pass
D01-S001-05022,True,True,pass
D01-S001-05023,True,True,pass
D01-S001-05024,True,True,pass
D01-S001-05025,True,True,pass
D01-S001-05026,True,True,pass
D01-S001-05027,True,True,pass
D01-S001-05028,True,True,pass
D01-S001-05029,True,True,pass
D01-S001-05030,True,True,pass
D01-S001-05031,True,True,pass
D01-S001-05032,True,True,pass
D01-S001-05033,True,True,pass
D01-S001-05034,True,True,pass
D01-S001-05035,True,True,pass
D01-S001-05036,True,True,pass
D01-S001-05037,True,True,pass
D01-S001-05038,True,True,pass
D01-S001-05039,True,True,pass
D01-S001-05040,True,True,pass
D01-S001-05041,True,True,pass
D01-S001-05042,True,True,pass
D01-S001-05043,True,True,pass
D01-S001-05044,True,True,pass
D01-S001-05045,True,True,pass
D01-S001-05046,True,True,pass
D01-S001-05047,True,True,pass
D01-S001-05048,True,True,pass
D01-S001-05049,True,True,pass
D01-S001-05050,True,True,pass
D01-S001-05051,True,True,pass
D01-S001-05052,True,True,pass
D01-S001-05053,True,True,pass
D01-S001-05054,True,True,pass
D01-S001-05055,True,True,pass
D01-S001-05056,True,True,pass
D01-S001-05057,True,True,pass
D01-S001-05058,True,True,pass
D01-S001-05059,True,True,pass
D01-S001-05060,True,True,pass
D01-S001-05061,True,True,pass
D01-S001-05062,True,True,pass
D01-S001-05063,True,True,pass
D01-S001-05064,True,True,pass
D01-S001-05065,True,True,pass
D01-S001-05066,True,True,pass
D01-S001-05067,True,True,pass
D01-S001-05068,True,True,pass
D01-S001-05069,True,True,pass
D01-S001-05070,True,True,pass
D01-S001-05071,True,True,pass
D01-S001-05072,True,True,pass
D01-S001-05073,True,True,pass
D01-S001-05074,True,True,pass
D01-S001-05075,True,True,pass
D01-S001-05076,True,True,pass
D01-S001-05077,True,True,pass
D01-S001-05078,True,True,pass
D01-S001-05079,True,True,pass
D01-S001-05080,True,True,pass
D01-S001-05081,True,True,pass
D01-S001-05082,True,True,pass
D01-S001-05083,True,True,pass
D01-S001-05084,True,True,pass
D01-S001-05085,True,True,pass
D01-S001-05086,True,True,pass
D01-S001-05087,True,True,pass
D01-S001-05088,True,True,pass
D01-S001-05089,True,True,pass
D01-S001-05090,True,True,pass
D01-S001-05091,True,True,pass
D01-S001-05092,True,True,pass
D01-S001-05093,True,True,pass
D01-S001-05094,True,True,pass
D01-S001-05095,True,True,pass
D01-S001-05096,True,True,pass
D01-S001-05097,True,True,pass
D01-S001-05098,True,True,pass
D01-S001-05099,True,True,pass
D01-S001-05100,True,True,pass
D01-S001-05101,True,True,pass
D01-S001-05102,True,True,pass
D01-S001-05103,True,True,pass
D01-S001-05104,True,True,pass
D01-S001-05105,True,True,pass
D01-S001-05106,True,True,pass
D01-S001-05107,True,True,pass
D01-S001-05108,True,True,pass
D01-S001-05109,True,True,pass
D01-S001-05110,True,True,pass
D01-S001-05111,True,True,pass
D01-S001-05112,True,True,pass
D01-S001-05113,True,True,pass
D01-S001-05114,True,True,pass
D01-S001-05115,True,True,pass
D01-S001-05116,True,True,pass
D01-S001-05117,True,True,pass
D01-S001-05118,True,True,pass
D01-S001-05119,True,True,pass
D01-S001-05120,True,True,pass
D01-S001-05121,True,True,pass
D01-S001-05122,True,True,pass
D01-S001-05123,True,True,pass
D01-S001-05124,True,True,pass
D01-S001-05125,True,True,pass
D01-S001-05126,True,True,pass
D01-S001-05127,True,True,pass
D01-S001-05128,True,True,pass
D01-S001-05129,True,True,pass
D01-S001-05130,True,True,pass
D01-S001-05131,True,True,pass
D01-S001-05132,True,True,pass
D01-S001-05133,True,True,pass
D01-S001-05134,True,True,pass
D01-S001-05135,True,True,pass
D01-S001-05136,True,True,pass
D01-S001-05137,True,True,pass
D01-S001-05138,True,True,pass
D01-S001-05139,True,True,pass
D01-S001-05140,True,True,pass
D01-S001-05141,True,True,pass
D01-S001-05142,True,True,pass
D01-S001-05143,True,True,pass
D01-S001-05144,True,True,pass
D01-S001-05145,True,True,pass
D01-S001-05146,True,True,pass
D01-S001-05147,True,True,pass
D01-S001-05148,True,True,pass
D01-S001-05149,True,True,pass
D01-S001-05150,True,True,pass
D01-S001-05151,True,True,pass
D01-S001-05152,True,True,pass
D01-S001-05153,True,True,pass
D01-S001-05154,True,True,pass
D01-S001-05155,True,True,pass
D01-S001-05156,True,True,pass
D01-S001-05157,True,True,pass
D01-S001-05158,True,True,pass
D01-S001-05159,True,True,pass
D01-S001-05160,True,True,pass
D01-S001-05161,True,True,pass
D01-S001-05162,True,True,pass
D01-S001-05163,True,True,pass
D01-S001-05164,True,True,pass
D01-S001-05165,True,True,pass
D01-S001-05166,True,True,pass
D01-S001-05167,True,True,pass
D01-S001-05168,True,True,pass
D01-S001-05169,True,True,pass
D01-S001-05170,True,True,pass
D01-S001-05171,True,True,pass
D01-S001-05172,True,True,pass
D01-S001-05173,True,True,pass
D01-S001-05174,True,True,pass
D01-S001-05175,True,True,pass
D01-S001-05176,True,True,pass
D01-S001-05177,True,True,pass
D01-S001-05178,True,True,pass
D01-S001-05179,True,True,pass
D01-S001-05180,True,True,pass
D01-S001-05181,True,True,pass
D01-S001-05182,True,True,pass
D01-S001-05183,True,True,pass
D01-S001-05184,True,True,pass
D01-S001-05185,True,True,pass
D01-S001-05186,True,True,pass
D01-S001-05187,True,True,pass
D01-S001-05188,True,True,pass
D01-S001-05189,True,True,pass
D01-S001-05190,True,True,pass
D01-S001-05191,True,True,pass
D01-S001-05192,True,True,pass
D01-S001-05193,True,True,pass
D01-S001-05194,True,True,pass
D01-S001-05195,True,True,pass
D01-S001-05196,True,True,pass
D01-S001-05197,True,True,pass
D01-S001-05198,True,True,pass
D01-S001-05199,True,True,pass
D01-S001-05200,True,True,pass
D01-S001-05201,True,True,pass
D01-S001-05202,True,True,pass
D01-S001-05203,True,True,pass
D01-S001-05204,True,True,pass
D01-S001-05205,True,True,pass
D01-S001-05206,True,True,pass
D01-S001-05207,True,True,pass
D01-S001-05208,True,True,pass
D01-S001-05209,True,True,pass
D01-S001-05210,True,True,pass
D01-S001-05211,True,True,pass
D01-S001-05212,True,True,pass
D01-S001-05213,True,True,pass
D01-S001-05214,True,True,pass
D01-S001-05215,True,True,pass
D01-S001-05216,True,True,pass
D01-S001-05217,True,True,pass
D01-S001-05218,True,True,pass
D01-S001-05219,True,True,pass
D01-S001-05220,True,True,pass
D01-S001-05221,True,True,pass
D01-S001-05222,True,True,pass
D01-S001-05223,True,True,pass
D01-S001-05224,True,True,pass
D01-S001-05225,True,True,pass
D01-S001-05226,True,True,pass
D01-S001-05227,True,True,pass
D01-S001-05228,True,True,pass
D01-S001-05229,True,True,pass
D01-S001-05230,True,True,pass
D01-S001-05231,True,True,pass
D01-S001-05232,True,True,pass
D01-S001-05233,True,True,pass
D01-S001-05234,True,True,pass
D01-S001-05235,True,True,pass
D01-S001-05236,True,True,pass
D01-S001-05237,True,True,pass
D01-S001-05238,True,True,pass
D01-S001-05239,True,True,pass
D01-S001-05240,True,True,pass
D01-S001-05241,True,True,pass
D01-S001-05242,True,True,pass
D01-S001-05243,True,True,pass
D01-S001-05244,True,True,pass
D01-S001-05245,True,True,pass
D01-S001-05246,True,True,pass
D01-S001-05247,True,True,pass
D01-S001-05248,True,True,pass
D01-S001-05249,True,True,pass
D01-S001-05250,True,True,pass
D01-S001-05251,True,True,pass
D01-S001-05252,True,True,pass
D01-S001-05253,True,True,pass
D01-S001-05254,True,True,pass
D01-S001-05255,True,True,pass
D01-S001-05256,True,True,pass
D01-S001-05257,True,True,pass
D01-S001-05258,True,True,pass
D01-S001-05259,True,True,pass
D01-S001-05260,True,True,pass
D01-S001-05261,True,True,pass
D01-S001-05262,True,True,pass
D01-S001-05263,True,True,pass
D01-S001-05264,True,True,pass
D01-S001-05265,True,True,pass
D01-S001-05266,True,True,pass
D01-S001-05267,True,True,pass
D01-S001-05268,True,True,pass
D01-S001-05269,True,True,pass
D01-S001-05270,True,True,pass
D01-S001-05271,True,True,pass
D01-S001-05272,True,True,pass
D01-S001-05273,True,True,pass
D01-S001-05274,True,True,pass
D01-S001-05275,True,True,pass
D01-S001-05276,True,True,pass
D01-S001-05277,True,True,pass
D01-S001-05278,True,True,pass
D01-S001-05279,True,True,pass
D01-S001-05280,True,True,pass
D01-S001-05281,True,True,pass
D01-S001-05282,True,True,pass
D01-S001-05283,True,True,pass
D01-S001-05284,True,True,pass
D01-S001-05285,True,True,pass
D01-S001-05286,True,True,pass
D01-S001-05287,True,True,pass
D01-S001-05288,True,True,pass
D01-S001-05289,True,True,pass
D01-S001-05290,True,True,pass
D01-S001-05291,True,True,pass
D01-S001-05292,True,True,pass
D01-S001-05293,True,True,pass
D01-S001-05294,True,True,pass
D01-S001-05295,True,True,pass
D01-S001-05296,True,True,pass
D01-S001-05297,True,True,pass
D01-S001-05298,True,True,pass
D01-S001-05299,True,True,pass
D01-S001-05300,True,True,pass
D01-S001-05301,True,True,pass
D01-S001-05302,True,True,pass
D01-S001-05303,True,True,pass
D01-S001-05304,True,True,pass
D01-S001-05305,True,True,pass
D01-S001-05306,True,True,pass
D01-S001-05307,True,True,pass
D01-S001-05308,True,True,pass
D01-S001-05309,True,True,pass
D01-S001-05310,True,True,pass
D01-S001-05311,True,True,pass
D01-S001-05312,True,True,pass
D01-S001-05313,True,True,pass
D01-S001-05314,True,True,pass
D01-S001-05315,True,True,pass
D01-S001-05316,True,True,pass
D01-S001-05317,True,True,pass
D01-S001-05318,True,True,pass
D01-S001-05319,True,True,pass
D01-S001-05320,True,True,pass
D01-S001-05321,True,True,pass
D01-S001-05322,True,True,pass
D01-S001-05323,True,True,pass
D01-S001-05324,True,True,pass
D01-S001-05325,True,True,pass
D01-S001-05326,True,True,pass
D01-S001-05327,True,True,pass
D01-S001-05328,True,True,pass
D01-S001-05329,True,True,pass
D01-S001-05330,True,True,pass
D01-S001-05331,True,True,pass
D01-S001-05332,True,True,pass
D01-S001-05333,True,True,pass
D01-S001-05334,True,True,pass
D01-S001-05335,True,True,pass
D01-S001-05336,True,True,pass
D01-S001-05337,True,True,pass
D01-S001-05338,True,True,pass
D01-S001-05339,True,True,pass
D01-S001-05340,True,True,pass
D01-S001-05341,True,True,pass
D01-S001-05342,True,True,pass
D01-S001-05343,True,True,pass
D01-S001-05344,True,True,pass
D01-S001-05345,True,True,pass
D01-S001-05346,True,True,pass
D01-S001-05347,True,True,pass
D01-S001-05348,True,True,pass
D01-S001-05349,True,True,pass
D01-S001-05350,True,True,pass
D01-S001-05351,True,True,pass
D01-S001-05352,True,True,pass
D01-S001-05353,True,True,pass
D01-S001-05354,True,True,pass
D01-S001-05355,True,True,pass
D01-S001-05356,True,True,pass
D01-S001-05357,True,True,pass
D01-S001-05358,True,True,pass
D01-S001-05359,True,True,pass
D01-S001-05360,True,True,pass
D01-S001-05361,True,True,pass
D01-S001-05362,True,True,pass
D01-S001-05363,True,True,pass
D01-S001-05364,True,True,pass
D01-S001-05365,True,True,pass
D01-S001-05366,True,True,pass
D01-S001-05367,True,True,pass
D01-S001-05368,True,True,pass
D01-S001-05369,True,True,pass
D01-S001-05370,True,True,pass
D01-S001-05371,True,True,pass
D01-S001-05372,True,True,pass
D01-S001-05373,True,True,pass
D01-S001-05374,True,True,pass
D01-S001-05375,True,True,pass
D01-S001-05376,True,True,pass
D01-S001-05377,True,True,pass
D01-S001-05378,True,True,pass
D01-S001-05379,True,True,pass
D01-S001-05380,True,True,pass
D01-S001-05381,True,True,pass
D01-S001-05382,True,True,pass
D01-S001-05383,True,True,pass
D01-S001-05384,True,True,pass
D01-S001-05385,True,True,pass
D01-S001-05386,True,True,pass
D01-S001-05387,True,True,pass
D01-S001-05388,True,True,pass
D01-S001-05389,True,True,pass
D01-S001-05390,True,True,pass
D01-S001-05391,True,True,pass
D01-S001-05392,True,True,pass
D01-S001-05393,True,True,pass
D01-S001-05394,True,True,pass
D01-S001-05395,True,True,pass
D01-S001-05396,True,True,pass
D01-S001-05397,True,True,pass
D01-S001-05398,True,True,pass
D01-S001-05399,True,True,pass
D01-S001-05400,True,True,pass
D01-S001-05401,True,True,pass
D01-S001-05402,True,True,pass
D01-S001-05403,True,True,pass
D01-S001-05404,True,True,pass
D01-S001-05405,True,True,pass
D01-S001-05406,True,True,pass
D01-S001-05407,True,True,pass
D01-S001-05408,True,True,pass
D01-S001-05409,True,True,pass
D01-S001-05410,True,True,pass
D01-S001-05411,True,True,pass
D01-S001-05412,True,True,pass
D01-S001-05413,True,True,pass
D01-S001-05414,True,True,pass
D01-S001-05415,True,True,pass
D01-S001-05416,True,True,pass
D01-S001-05417,True,True,pass
D01-S001-05418,True,True,pass
D01-S001-05419,True,True,pass
D01-S001-05420,True,True,pass
D01-S001-05421,True,True,pass
D01-S001-05422,True,True,pass
D01-S001-05423,True,True,pass
D01-S001-05424,True,True,pass
D01-S001-05425,True,True,pass
D01-S001-05426,True,True,pass
D01-S001-05427,True,True,pass
D01-S001-05428,True,True,pass
D01-S001-05429,True,True,pass
D01-S001-05430,True,True,pass
D01-S001-05431,True,True,pass
D01-S001-05432,True,True,pass
D01-S001-05433,True,True,pass
D01-S001-05434,True,True,pass
D01-S001-05435,True,True,pass
D01-S001-05436,True,True,pass
D01-S001-05437,True,True,pass
D01-S001-05438,True,True,pass
D01-S001-05439,True,True,pass
D01-S001-05440,True,True,pass
D01-S001-05441,True,True,pass
D01-S001-05442,True,True,pass
D01-S001-05443,True,True,pass
D01-S001-05444,True,True,pass
D01-S001-05445,True,True,pass
D01-S001-05446,True,True,pass
D01-S001-05447,True,True,pass
D01-S001-05448,True,True,pass
D01-S001-05449,True,True,pass
D01-S001-05450,True,True,pass
D01-S001-05451,True,True,pass
D01-S001-05452,True,True,pass
D01-S001-05453,True,True,pass
D01-S001-05454,True,True,pass
D01-S001-05455,True,True,pass
D01-S001-05456,True,True,pass
D01-S001-05457,True,True,pass
D01-S001-05458,True,True,pass
D01-S001-05459,True,True,pass
D01-S001-05460,True,True,pass
D01-S001-05461,True,True,pass
D01-S001-05462,True,True,pass
D01-S001-05463,True,True,pass
D01-S001-05464,True,True,pass
D01-S001-05465,True,True,pass
D01-S001-05466,True,True,pass
D01-S001-05467,True,True,pass
D01-S001-05468,True,True,pass
D01-S001-05469,True,True,pass
D01-S001-05470,True,True,pass
D01-S001-05471,True,True,pass
D01-S001-05472,True,True,pass
D01-S001-05473,True,True,pass
D01-S001-05474,True,True,pass
D01-S001-05475,True,True,pass
D01-S001-05476,True,True,pass
D01-S001-05477,True,True,pass
D01-S001-05478,True,True,pass
D01-S001-05479,True,True,pass
D01-S001-05480,True,True,pass
D01-S001-05481,True,True,pass
D01-S001-05482,True,True,pass
D01-S001-05483,True,True,pass
D01-S001-05484,True,True,pass
D01-S001-05485,True,True,pass
D01-S001-05486,True,True,pass
D01-S001-05487,True,True,pass
D01-S001-05488,True,True,pass
D01-S001-05489,True,True,pass
D01-S001-05490,True,True,pass
D01-S001-05491,True,True,pass
D01-S001-05492,True,True,pass
D01-S001-05493,True,True,pass
D01-S001-05494,True,True,pass
D01-S001-05495,True,True,pass
D01-S001-05496,True,True,pass
D01-S001-05497,True,True,pass
D01-S001-05498,True,True,pass
D01-S001-05499,True,True,pass
D01-S001-05500,True,True,pass
D01-S001-05501,True,True,pass
D01-S001-05502,True,True,pass
D01-S001-05503,True,True,pass
D01-S001-05504,True,True,pass
D01-S001-05505,True,True,pass
D01-S001-05506,True,True,pass
D01-S001-05507,True,True,pass
D01-S001-05508,True,True,pass
D01-S001-05509,True,True,pass
D01-S001-05510,True,True,pass
D01-S001-05511,True,True,pass
D01-S001-05512,True,True,pass
D01-S001-05513,True,True,pass
D01-S001-05514,True,True,pass
D01-S001-05515,True,True,pass
D01-S001-05516,True,True,pass
D01-S001-05517,True,True,pass
D01-S001-05518,True,True,pass
D01-S001-05519,True,True,pass
D01-S001-05520,True,True,pass
D01-S001-05521,True,True,pass
D01-S001-05522,True,True,pass
D01-S001-05523,True,True,pass
D01-S001-05524,True,True,pass
D01-S001-05525,True,True,pass
D01-S001-05526,True,True,pass
D01-S001-05527,True,True,pass
D01-S001-05528,True,True,pass
D01-S001-05529,True,True,pass
D01-S001-05530,True,True,pass
D01-S001-05531,True,True,pass
D01-S001-05532,True,True,pass
D01-S001-05533,True,True,pass
D01-S001-05534,True,True,pass
D01-S001-05535,True,True,pass
D01-S001-05536,True,True,pass
D01-S001-05537,True,True,pass
D01-S001-05538,True,True,pass
D01-S001-05539,True,True,pass
D01-S001-05540,True,True,pass
D01-S001-05541,True,True,pass
D01-S001-05542,True,True,pass
D01-S001-05543,True,True,pass
D01-S001-05544,True,True,pass
D01-S001-05545,True,True,pass
D01-S001-05546,True,True,pass
D01-S001-05547,True,True,pass
D01-S001-05548,True,True,pass
D01-S001-05549,True,True,pass
D01-S001-05550,True,True,pass
D01-S001-05551,True,True,pass
D01-S001-05552,True,True,pass
D01-S001-05553,True,True,pass
D01-S001-05554,True,True,pass
D01-S001-05555,True,True,pass
D01-S001-05556,True,True,pass
D01-S001-05557,True,True,pass
D01-S001-05558,True,True,pass
D01-S001-05559,True,True,pass
D01-S001-05560,True,True,pass
D01-S001-05561,True,True,pass
D01-S001-05562,True,True,pass
D01-S001-05563,True,True,pass
D01-S001-05564,True,True,pass
D01-S001-05565,True,True,pass
D01-S001-05566,True,True,pass
D01-S001-05567,True,True,pass
D01-S001-05568,True,True,pass
D01-S001-05569,True,True,pass
D01-S001-05570,True,True,pass
D01-S001-05571,True,True,pass
D01-S001-05572,True,True,pass
D01-S001-05573,True,True,pass
D01-S001-05574,True,True,pass
D01-S001-05575,True,True,pass
D01-S001-05576,True,True,pass
D01-S001-05577,True,True,pass
D01-S001-05578,True,True,pass
D01-S001-05579,True,True,pass
D01-S001-05580,True,True,pass
D01-S001-05581,True,True,pass
D01-S001-05582,True,True,pass
D01-S001-05583,True,True,pass
D01-S001-05584,True,True,pass
D01-S001-05585,True,True,pass
D01-S001-05586,True,True,pass
D01-S001-05587,True,True,pass
D01-S001-05588,True,True,pass
D01-S001-05589,True,True,pass
D01-S001-05590,True,True,pass
D01-S001-05591,True,True,pass
D01-S001-05592,True,True,pass
D01-S001-05593,True,True,pass
D01-S001-05594,True,True,pass
D01-S001-05595,True,True,pass
D01-S001-05596,True,True,pass
D01-S001-05597,True,True,pass
D01-S001-05598,True,True,pass
D01-S001-05599,True,True,pass
D01-S001-05600,True,True,pass
D01-S001-05601,True,True,pass
D01-S001-05602,True,True,pass
D01-S001-05603,True,True,pass
D01-S001-05604,True,True,pass
D01-S001-05605,True,True,pass
D01-S001-05606,True,True,pass
D01-S001-05607,True,True,pass
D01-S001-05608,True,True,pass
D01-S001-05609,True,True,pass
D01-S001-05610,True,True,pass
D01-S001-05611,True,True,pass
D01-S001-05612,True,True,pass
D01-S001-05613,True,True,pass
D01-S001-05614,True,True,pass
D01-S001-05615,True,True,pass
D01-S001-05616,True,True,pass
D01-S001-05617,True,True,pass
D01-S001-05618,True,True,pass
D01-S001-05619,True,True,pass
D01-S001-05620,True,True,pass
D01-S001-05621,True,True,pass
D01-S001-05622,True,True,pass
D01-S001-05623,True,True,pass
D01-S001-05624,True,True,pass
D01-S001-05625,True,True,pass
D01-S001-05626,True,True,pass
D01-S001-05627,True,True,pass
D01-S001-05628,True,True,pass
D01-S001-05629,True,True,pass
D01-S001-05630,True,True,pass
D01-S001-05631,True,True,pass
D01-S001-05632,True,True,pass
D01-S001-05633,True,True,pass
D01-S001-05634,True,True,pass
D01-S001-05635,True,True,pass
D01-S001-05636,True,True,pass
D01-S001-05637,True,True,pass
D01-S001-05638,True,True,pass
D01-S001-05639,True,True,pass
D01-S001-05640,True,True,pass
D01-S001-05641,True,True,pass
D01-S001-05642,True,True,pass
D01-S001-05643,True,True,pass
D01-S001-05644,True,True,pass
D01-S001-05645,True,True,pass
D01-S001-05646,True,True,pass
D01-S001-05647,True,True,pass
D01-S001-05648,True,True,pass
D01-S001-05649,True,True,pass
D01-S001-05650,True,True,pass
D01-S001-05651,True,True,pass
D01-S001-05652,True,True,pass
D01-S001-05653,True,True,pass
D01-S001-05654,True,True,pass
D01-S001-05655,True,True,pass
D01-S001-05656,True,True,pass
D01-S001-05657,True,True,pass
D01-S001-05658,True,True,pass
D01-S001-05659,True,True,pass
D01-S001-05660,True,True,pass
D01-S001-05661,True,True,pass
D01-S001-05662,True,True,pass
D01-S001-05663,True,True,pass
D01-S001-05664,True,True,pass
D01-S001-05665,True,True,pass
D01-S001-05666,True,True,pass
D01-S001-05667,True,True,pass
D01-S001-05668,True,True,pass
D01-S001-05669,True,True,pass
D01-S001-05670,True,True,pass
D01-S001-05671,True,True,pass
D01-S001-05672,True,True,pass
D01-S001-05673,True,True,pass
D01-S001-05674,True,True,pass
D01-S001-05675,True,True,pass
D01-S001-05676,True,True,pass
D01-S001-05677,True,True,pass
D01-S001-05678,True,True,pass
D01-S001-05679,True,True,pass
D01-S001-05680,True,True,pass
D01-S001-05681,True,True,pass
D01-S001-05682,True,True,pass
D01-S001-05683,True,True,pass
D01-S001-05684,True,True,pass
D01-S001-05685,True,True,pass
D01-S001-05686,True,True,pass
D01-S001-05687,True,True,pass
D01-S001-05688,True,True,pass
D01-S001-05689,True,True,pass
D01-S001-05690,True,True,pass
D01-S001-05691,True,True,pass
D01-S001-05692,True,True,pass
D01-S001-05693,True,True,pass
D01-S001-05694,True,True,pass
D01-S001-05695,True,True,pass
D01-S001-05696,True,True,pass
D01-S001-05697,True,True,pass
D01-S001-05698,True,True,pass
D01-S001-05699,True,True,pass
D01-S001-05700,True,True,pass
D01-S001-05701,True,True,pass
D01-S001-05702,True,True,pass
D01-S001-05703,True,True,pass
D01-S001-05704,True,True,pass
D01-S001-05705,True,True,pass
D01-S001-05706,True,True,pass
D01-S001-05707,True,True,pass
D01-S001-05708,True,True,pass
D01-S001-05709,True,True,pass
D01-S001-05710,True,True,pass
D01-S001-05711,True,True,pass
D01-S001-05712,True,True,pass
D01-S001-05713,True,True,pass
D01-S001-05714,True,True,pass
D01-S001-05715,True,True,pass
D01-S001-05716,True,True,pass
D01-S001-05717,True,True,pass
D01-S001-05718,True,True,pass
D01-S001-05719,True,True,pass
D01-S001-05720,True,True,pass
D01-S001-05721,True,True,pass
D01-S001-05722,True,True,pass
D01-S001-05723,True,True,pass
D01-S001-05724,True,True,pass
D01-S001-05725,True,True,pass
D01-S001-05726,True,True,pass
D01-S001-05727,True,True,pass
D01-S001-05728,True,True,pass
D01-S001-05729,True,True,pass
D01-S001-05730,True,True,pass
D01-S001-05731,True,True,pass
D01-S001-05732,True,True,pass
D01-S001-05733,True,True,pass
D01-S001-05734,True,True,pass
D01-S001-05735,True,True,pass
D01-S001-05736,True,True,pass
D01-S001-05737,True,True,pass
D01-S001-05738,True,True,pass
D01-S001-05739,True,True,pass
D01-S001-05740,True,True,pass
D01-S001-05741,True,True,pass
D01-S001-05742,True,True,pass
D01-S001-05743,True,True,pass
D01-S001-05744,True,True,pass
D01-S001-05745,True,True,pass
D01-S001-05746,True,True,pass
D01-S001-05747,True,True,pass
D01-S001-05748,True,True,pass
D01-S001-05749,True,True,pass
D01-S001-05750,True,True,pass
D01-S001-05751,True,True,pass
D01-S001-05752,True,True,pass
D01-S001-05753,True,True,pass
D01-S001-05754,True,True,pass
D01-S001-05755,True,True,pass
D01-S001-05756,True,True,pass
D01-S001-05757,True,True,pass
D01-S001-05758,True,True,pass
D01-S001-05759,True,True,pass
D01-S001-05760,True,True,pass
D01-S001-05761,True,True,pass
D01-S001-05762,True,True,pass
D01-S001-05763,True,True,pass
D01-S001-05764,True,True,pass
D01-S001-05765,True,True,pass
D01-S001-05766,True,True,pass
D01-S001-05767,True,True,pass
D01-S001-05768,True,True,pass
D01-S001-05769,True,True,pass
D01-S001-05770,True,True,pass
D01-S001-05771,True,True,pass
D01-S001-05772,True,True,pass
D01-S001-05773,True,True,pass
D01-S001-05774,True,True,pass
D01-S001-05775,True,True,pass
D01-S001-05776,True,True,pass
D01-S001-05777,True,True,pass
D01-S001-05778,True,True,pass
D01-S001-05779,True,True,pass
D01-S001-05780,True,True,pass
D01-S001-05781,True,True,pass
D01-S001-05782,True,True,pass
D01-S001-05783,True,True,pass
D01-S001-05784,True,True,pass
D01-S001-05785,True,True,pass
D01-S001-05786,True,True,pass
D01-S001-05787,True,True,pass
D01-S001-05788,True,True,pass
D01-S001-05789,True,True,pass
D01-S001-05790,True,True,pass
D01-S001-05791,True,True,pass
D01-S001-05792,True,True,pass
D01-S001-05793,True,True,pass
D01-S001-05794,True,True,pass
D01-S001-05795,True,True,pass
D01-S001-05796,True,True,pass
D01-S001-05797,True,True,pass
D01-S001-05798,True,True,pass
D01-S001-05799,True,True,pass
D01-S001-05800,True,True,pass
D01-S001-05801,True,True,pass
D01-S001-05802,True,True,pass
D01-S001-05803,True,True,pass
D01-S001-05804,True,True,pass
D01-S001-05805,True,True,pass
D01-S001-05806,True,True,pass
D01-S001-05807,True,True,pass
D01-S001-05808,True,True,pass
D01-S001-05809,True,True,pass
D01-S001-05810,True,True,pass
D01-S001-05811,True,True,pass
D01-S001-05812,True,True,pass
D01-S001-05813,True,True,pass
D01-S001-05814,True,True,pass
D01-S001-05815,True,True,pass
D01-S001-05816,True,True,pass
D01-S001-05817,True,True,pass
D01-S001-05818,True,True,pass
D01-S001-05819,True,True,pass
D01-S001-05820,True,True,pass
D01-S001-05821,True,True,pass
D01-S001-05822,True,True,pass
D01-S001-05823,True,True,pass
D01-S001-05824,True,True,pass
D01-S001-05825,True,True,pass
D01-S001-05826,True,True,pass
D01-S001-05827,True,True,pass
D01-S001-05828,True,True,pass
D01-S001-05829,True,True,pass
D01-S001-05830,True,True,pass
D01-S001-05831,True,True,pass
D01-S001-05832,True,True,pass
D01-S001-05833,True,True,pass
D01-S001-05834,True,True,pass
D01-S001-05835,True,True,pass
D01-S001-05836,True,True,pass
D01-S001-05837,True,True,pass
D01-S001-05838,True,True,pass
D01-S001-05839,True,True,pass
D01-S001-05840,True,True,pass
D01-S001-05841,True,True,pass
D01-S001-05842,True,True,pass
D01-S001-05843,True,True,pass
D01-S001-05844,True,True,pass
D01-S001-05845,True,True,pass
D01-S001-05846,True,True,pass
D01-S001-05847,True,True,pass
D01-S001-05848,True,True,pass
D01-S001-05849,True,True,pass
D01-S001-05850,True,True,pass
D01-S001-05851,True,True,pass
D01-S001-05852,True,True,pass
D01-S001-05853,True,True,pass
D01-S001-05854,True,True,pass
D01-S001-05855,True,True,pass
D01-S001-05856,True,True,pass
D01-S001-05857,True,True,pass
D01-S001-05858,True,True,pass
D01-S001-05859,True,True,pass
D01-S001-05860,True,True,pass
D01-S001-05861,True,True,pass
D01-S001-05862,True,True,pass
D01-S001-05863,True,True,pass
D01-S001-05864,True,True,pass
D01-S001-05865,True,True,pass
D01-S001-05866,True,True,pass
D01-S001-05867,True,True,pass
D01-S001-05868,True,True,pass
D01-S001-05869,True,True,pass
D01-S001-05870,True,True,pass
D01-S001-05871,True,True,pass
D01-S001-05872,True,True,pass
D01-S001-05873,True,True,pass
D01-S001-05874,True,True,pass
D01-S001-05875,True,True,pass
D01-S001-05876,True,True,pass
D01-S001-05877,True,True,pass
D01-S001-05878,True,True,pass
D01-S001-05879,True,True,pass
D01-S001-05880,True,True,pass
D01-S001-05881,True,True,pass
D01-S001-05882,True,True,pass
D01-S001-05883,True,True,pass
D01-S001-05884,True,True,pass
D01-S001-05885,True,True,pass
D01-S001-05886,True,True,pass
D01-S001-05887,True,True,pass
D01-S001-05888,True,True,pass
D01-S001-05889,True,True,pass
D01-S001-05890,True,True,pass
D01-S001-05891,True,True,pass
D01-S001-05892,True,True,pass
D01-S001-05893,True,True,pass
D01-S001-05894,True,True,pass
D01-S001-05895,True,True,pass
D01-S001-05896,True,True,pass
D01-S001-05897,True,True,pass
D01-S001-05898,True,True,pass
D01-S001-05899,True,True,pass
D01-S001-05900,True,True,pass
D01-S001-05901,True,True,pass
D01-S001-05902,True,True,pass
D01-S001-05903,True,True,pass
D01-S001-05904,True,True,pass
D01-S001-05905,True,True,pass
D01-S001-05906,True,True,pass
D01-S001-05907,True,True,pass
D01-S001-05908,True,True,pass
D01-S001-05909,True,True,pass
D01-S001-05910,True,True,pass
D01-S001-05911,True,True,pass
D01-S001-05912,True,True,pass
D01-S001-05913,True,True,pass
D01-S001-05914,True,True,pass
D01-S001-05915,True,True,pass
D01-S001-05916,True,True,pass
D01-S001-05917,True,True,pass
D01-S001-05918,True,True,pass
D01-S001-05919,True,True,pass
D01-S001-05920,True,True,pass
D01-S001-05921,True,True,pass
D01-S001-05922,True,True,pass
D01-S001-05923,True,True,pass
D01-S001-05924,True,True,pass
D01-S001-05925,True,True,pass
D01-S001-05926,True,True,pass
D01-S001-05927,True,True,pass
D01-S001-05928,True,True,pass
D01-S001-05929,True,True,pass
D01-S001-05930,True,True,pass
D01-S001-05931,True,True,pass
D01-S001-05932,True,True,pass
D01-S001-05933,True,True,pass
D01-S001-05934,True,True,pass
D01-S001-05935,True,True,pass
D01-S001-05936,True,True,pass
D01-S001-05937,True,True,pass
D01-S001-05938,True,True,pass
D01-S001-05939,True,True,pass
D01-S001-05940,True,True,pass
D01-S001-05941,True,True,pass
D01-S001-05942,True,True,pass
D01-S001-05943,True,True,pass
D01-S001-05944,True,True,pass
D01-S001-05945,True,True,pass
D01-S001-05946,True,True,pass
D01-S001-05947,True,True,pass
D01-S001-05948,True,True,pass
D01-S001-05949,True,True,pass
D01-S001-05950,True,True,pass
D01-S001-05951,True,True,pass
D01-S001-05952,True,True,pass
D01-S001-05953,True,True,pass
D01-S001-05954,True,True,pass
D01-S001-05955,True,True,pass
D01-S001-05956,True,True,pass
D01-S001-05957,True,True,pass
D01-S001-05958,True,True,pass
D01-S001-05959,True,True,pass
D01-S001-05960,True,True,pass
D01-S001-05961,True,True,pass
D01-S001-05962,True,True,pass
D01-S001-05963,True,True,pass
D01-S001-05964,True,True,pass
D01-S001-05965,True,True,pass
D01-S001-05966,True,True,pass
D01-S001-05967,True,True,pass
D01-S001-05968,True,True,pass
D01-S001-05969,True,True,pass
D01-S001-05970,True,True,pass
D01-S001-05971,True,True,pass
D01-S001-05972,True,True,pass
D01-S001-05973,True,True,pass
D01-S001-05974,True,True,pass
D01-S001-05975,True,True,pass
D01-S001-05976,True,True,pass
D01-S001-05977,True,True,pass
D01-S001-05978,True,True,pass
D01-S001-05979,True,True,pass
D01-S001-05980,True,True,pass
D01-S001-05981,True,True,pass
D01-S001-05982,True,True,pass
D01-S001-05983,True,True,pass
D01-S001-05984,True,True,pass
D01-S001-05985,True,True,pass
D01-S001-05986,True,True,pass
D01-S001-05987,True,True,pass
D01-S001-05988,True,True,pass
D01-S001-05989,True,True,pass
D01-S001-05990,True,True,pass
D01-S001-05991,True,True,pass
D01-S001-05992,True,True,pass
D01-S001-05993,True,True,pass
D01-S001-05994,True,True,pass
D01-S001-05995,True,True,pass
D01-S001-05996,True,True,pass
D01-S001-05997,True,True,pass
D01-S001-05998,True,True,pass
D01-S001-05999,True,True,pass
D01-S001-06000,True,True,pass
D01-S001-06001,True,True,pass
D01-S001-06002,True,True,pass
D01-S001-06003,True,True,pass
D01-S001-06004,True,True,pass
D01-S001-06005,True,True,pass
D01-S001-06006,True,True,pass
D01-S001-06007,True,True,pass
D01-S001-06008,True,True,pass
D01-S001-06009,True,True,pass
D01-S001-06010,True,True,pass
D01-S001-06011,True,True,pass
D01-S001-06012,True,True,pass
D01-S001-06013,True,True,pass
D01-S001-06014,True,True,pass
D01-S001-06015,True,True,pass
D01-S001-06016,True,True,pass
D01-S001-06017,True,True,pass
D01-S001-06018,True,True,pass
D01-S001-06019,True,True,pass
D01-S001-06020,True,True,pass
D01-S001-06021,True,True,pass
D01-S001-06022,True,True,pass
D01-S001-06023,True,True,pass
D01-S001-06024,True,True,pass
D01-S001-06025,True,True,pass
D01-S001-06026,True,True,pass
D01-S001-06027,True,True,pass
D01-S001-06028,True,True,pass
D01-S001-06029,True,True,pass
D01-S001-06030,True,True,pass
D01-S001-06031,True,True,pass
D01-S001-06032,True,True,pass
D01-S001-06033,True,True,pass
D01-S001-06034,True,True,pass
D01-S001-06035,True,True,pass
D01-S001-06036,True,True,pass
D01-S001-06037,True,True,pass
D01-S001-06038,True,True,pass
D01-S001-06039,True,True,pass
D01-S001-06040,True,True,pass
D01-S001-06041,True,True,pass
D01-S001-06042,True,True,pass
D01-S001-06043,True,True,pass
D01-S001-06044,True,True,pass
D01-S001-06045,True,True,pass
D01-S001-06046,True,True,pass
D01-S001-06047,True,True,pass
D01-S001-06048,True,True,pass
D01-S001-06049,True,True,pass
D01-S001-06050,True,True,pass
D01-S001-06051,True,True,pass
D01-S001-06052,True,True,pass
D01-S001-06053,True,True,pass
D01-S001-06054,True,True,pass
D01-S001-06055,True,True,pass
D01-S001-06056,True,True,pass
D01-S001-06057,True,True,pass
D01-S001-06058,True,True,pass
D01-S001-06059,True,True,pass
D01-S001-06060,True,True,pass
D01-S001-06061,True,True,pass
D01-S001-06062,True,True,pass
D01-S001-06063,True,True,pass
D01-S001-06064,True,True,pass
D01-S001-06065,True,True,pass
D01-S001-06066,True,True,pass
D01-S001-06067,True,True,pass
D01-S001-06068,True,True,pass
D01-S001-06069,True,True,pass
D01-S001-06070,True,True,pass
D01-S001-06071,True,True,pass
D01-S001-06072,True,True,pass
D01-S001-06073,True,True,pass
D01-S001-06074,True,True,pass
D01-S001-06075,True,True,pass
D01-S001-06076,True,True,pass
D01-S001-06077,True,True,pass
D01-S001-06078,True,True,pass
D01-S001-06079,True,True,pass
D01-S001-06080,True,True,pass
D01-S001-06081,True,True,pass
D01-S001-06082,True,True,pass
D01-S001-06083,True,True,pass
D01-S001-06084,True,True,pass
D01-S001-06085,True,True,pass
D01-S001-06086,True,True,pass
D01-S001-06087,True,True,pass
D01-S001-06088,True,True,pass
D01-S001-06089,True,True,pass
D01-S001-06090,True,True,pass
D01-S001-06091,True,True,pass
D01-S001-06092,True,True,pass
D01-S001-06093,True,True,pass
D01-S001-06094,True,True,pass
D01-S001-06095,True,True,pass
D01-S001-06096,True,True,pass
D01-S001-06097,True,True,pass
D01-S001-06098,True,True,pass
D01-S001-06099,True,True,pass
D01-S001-06100,True,True,pass
D01-S001-06101,True,True,pass
D01-S001-06102,True,True,pass
D01-S001-06103,True,True,pass
D01-S001-06104,True,True,pass
D01-S001-06105,True,True,pass
D01-S001-06106,True,True,pass
D01-S001-06107,True,True,pass
D01-S001-06108,True,True,pass
D01-S001-06109,True,True,pass
D01-S001-06110,True,True,pass
D01-S001-06111,True,True,pass
D01-S001-06112,True,True,pass
D01-S001-06113,True,True,pass
D01-S001-06114,True,True,pass
D01-S001-06115,True,True,pass
D01-S001-06116,True,True,pass
D01-S001-06117,True,True,pass
D01-S001-06118,True,True,pass
D01-S001-06119,True,True,pass
D01-S001-06120,True,True,pass
D01-S001-06121,True,True,pass
D01-S001-06122,True,True,pass
D01-S001-06123,True,True,pass
D01-S001-06124,True,True,pass
D01-S001-06125,True,True,pass
D01-S001-06126,True,True,pass
D01-S001-06127,True,True,pass
D01-S001-06128,True,True,pass
D01-S001-06129,True,True,pass
D01-S001-06130,True,True,pass
D01-S001-06131,True,True,pass
D01-S001-06132,True,True,pass
D01-S001-06133,True,True,pass
D01-S001-06134,True,True,pass
D01-S001-06135,True,True,pass
D01-S001-06136,True,True,pass
D01-S001-06137,True,True,pass
D01-S001-06138,True,True,pass
D01-S001-06139,True,True,pass
D01-S001-06140,True,True,pass
D01-S001-06141,True,True,pass
D01-S001-06142,True,True,pass
D01-S001-06143,True,True,pass
D01-S001-06144,True,True,pass
D01-S001-06145,True,True,pass
D01-S001-06146,True,True,pass
D01-S001-06147,True,True,pass
D01-S001-06148,True,True,pass
D01-S001-06149,True,True,pass
D01-S001-06150,True,True,pass
D01-S001-06151,True,True,pass
D01-S001-06152,True,True,pass
D01-S001-06153,True,True,pass
D01-S001-06154,True,True,pass
D01-S001-06155,True,True,pass
D01-S001-06156,True,True,pass
D01-S001-06157,True,True,pass
D01-S001-06158,True,True,pass
D01-S001-06159,True,True,pass
D01-S001-06160,True,True,pass
D01-S001-06161,True,True,pass
D01-S001-06162,True,True,pass
D01-S001-06163,True,True,pass
D01-S001-06164,True,True,pass
D01-S001-06165,True,True,pass
D01-S001-06166,True,True,pass
D01-S001-06167,True,True,pass
D01-S001-06168,True,True,pass
D01-S001-06169,True,True,pass
D01-S001-06170,True,True,pass
D01-S001-06171,True,True,pass
D01-S001-06172,True,True,pass
D01-S001-06173,True,True,pass
D01-S001-06174,True,True,pass
D01-S001-06175,True,True,pass
D01-S001-06176,True,True,pass
D01-S001-06177,True,True,pass
D01-S001-06178,True,True,pass
D01-S001-06179,True,True,pass
D01-S001-06180,True,True,pass
D01-S001-06181,True,True,pass
D01-S001-06182,True,True,pass
D01-S001-06183,True,True,pass
D01-S001-06184,True,True,pass
D01-S001-06185,True,True,pass
D01-S001-06186,True,True,pass
D01-S001-06187,True,True,pass
D01-S001-06188,True,True,pass
D01-S001-06189,True,True,pass
D01-S001-06190,True,True,pass
D01-S001-06191,True,True,pass
D01-S001-06192,True,True,pass
D01-S001-06193,True,True,pass
D01-S001-06194,True,True,pass
D01-S001-06195,True,True,pass
D01-S001-06196,True,True,pass
D01-S001-06197,True,True,pass
D01-S001-06198,True,True,pass
D01-S001-06199,True,True,pass
D01-S001-06200,True,True,pass
D01-S001-06201,True,True,pass
D01-S001-06202,True,True,pass
D01-S001-06203,True,True,pass
D01-S001-06204,True,True,pass
D01-S001-06205,True,True,pass
D01-S001-06206,True,True,pass
D01-S001-06207,True,True,pass
D01-S001-06208,True,True,pass
D01-S001-06209,True,True,pass
D01-S001-06210,True,True,pass
D01-S001-06211,True,True,pass
D01-S001-06212,True,True,pass
D01-S001-06213,True,True,pass
D01-S001-06214,True,True,pass
D01-S001-06215,True,True,pass
D01-S001-06216,True,True,pass
D01-S001-06217,True,True,pass
D01-S001-06218,True,True,pass
D01-S001-06219,True,True,pass
D01-S001-06220,True,True,pass
D01-S001-06221,True,True,pass
D01-S001-06222,True,True,pass
D01-S001-06223,True,True,pass
D01-S001-06224,True,True,pass
D01-S001-06225,True,True,pass
D01-S001-06226,True,True,pass
D01-S001-06227,True,True,pass
D01-S001-06228,True,True,pass
D01-S001-06229,True,True,pass
D01-S001-06230,True,True,pass
D01-S001-06231,True,True,pass
D01-S001-06232,True,True,pass
D01-S001-06233,True,True,pass
D01-S001-06234,True,True,pass
D01-S001-06235,True,True,pass
D01-S001-06236,True,True,pass
D01-S001-06237,True,True,pass
D01-S001-06238,True,True,pass
D01-S001-06239,True,True,pass
D01-S001-06240,True,True,pass
D01-S001-06241,True,True,pass
D01-S001-06242,True,True,pass
D01-S001-06243,True,True,pass
D01-S001-06244,True,True,pass
D01-S001-06245,True,True,pass
D01-S001-06246,True,True,pass
D01-S001-06247,True,True,pass
D01-S001-06248,True,True,pass
D01-S001-06249,True,True,pass
D01-S001-06250,True,True,pass
D01-S001-06251,True,True,pass
D01-S001-06252,True,True,pass
D01-S001-06253,True,True,pass
D01-S001-06254,True,True,pass
D01-S001-06255,True,True,pass
D01-S001-06256,True,True,pass
D01-S001-06257,True,True,pass
D01-S001-06258,True,True,pass
D01-S001-06259,True,True,pass
D01-S001-06260,True,True,pass
D01-S001-06261,True,True,pass
D01-S001-06262,True,True,pass
D01-S001-06263,True,True,pass
D01-S001-06264,True,True,pass
D01-S001-06265,True,True,pass
D01-S001-06266,True,True,pass
D01-S001-06267,True,True,pass
D01-S001-06268,True,True,pass
D01-S001-06269,True,True,pass
D01-S001-06270,True,True,pass
D01-S001-06271,True,True,pass
D01-S001-06272,True,True,pass
D01-S001-06273,True,True,pass
D01-S001-06274,True,True,pass
D01-S001-06275,True,True,pass
D01-S001-06276,True,True,pass
D01-S001-06277,True,True,pass
D01-S001-06278,True,True,pass
D01-S001-06279,True,True,pass
D01-S001-06280,True,True,pass
D01-S001-06281,True,True,pass
D01-S001-06282,True,True,pass
D01-S001-06283,True,True,pass
D01-S001-06284,True,True,pass
D01-S001-06285,True,True,pass
D01-S001-06286,True,True,pass
D01-S001-06287,True,True,pass
D01-S001-06288,True,True,pass
D01-S001-06289,True,True,pass
D01-S001-06290,True,True,pass
D01-S001-06291,True,True,pass
D01-S001-06292,True,True,pass
D01-S001-06293,True,True,pass
D01-S001-06294,True,True,pass
D01-S001-06295,True,True,pass
D01-S001-06296,True,True,pass
D01-S001-06297,True,True,pass
D01-S001-06298,True,True,pass
D01-S001-06299,True,True,pass
D01-S001-06300,True,True,pass
D01-S001-06301,True,True,pass
D01-S001-06302,True,True,pass
D01-S001-06303,True,True,pass
D01-S001-06304,True,True,pass
D01-S001-06305,True,True,pass
D01-S001-06306,True,True,pass
D01-S001-06307,True,True,pass
D01-S001-06308,True,True,pass
D01-S001-06309,True,True,pass
D01-S001-06310,True,True,pass
D01-S001-06311,True,True,pass
D01-S001-06312,True,True,pass
D01-S001-06313,True,True,pass
D01-S001-06314,True,True,pass
D01-S001-06315,True,True,pass
D01-S001-06316,True,True,pass
D01-S001-06317,True,True,pass
D01-S001-06318,True,True,pass
D01-S001-06319,True,True,pass
D01-S001-06320,True,True,pass
D01-S001-06321,True,True,pass
D01-S001-06322,True,True,pass
D01-S001-06323,True,True,pass
D01-S001-06324,True,True,pass
D01-S001-06325,True,True,pass
D01-S001-06326,True,True,pass
D01-S001-06327,True,True,pass
D01-S001-06328,True,True,pass
D01-S001-06329,True,True,pass
D01-S001-06330,True,True,pass
D01-S001-06331,True,True,pass
D01-S001-06332,True,True,pass
D01-S001-06333,True,True,pass
D01-S001-06334,True,True,pass
D01-S001-06335,True,True,pass
D01-S001-06336,True,True,pass
D01-S001-06337,True,True,pass
D01-S001-06338,True,True,pass
D01-S001-06339,True,True,pass
D01-S001-06340,True,True,pass
D01-S001-06341,True,True,pass
D01-S001-06342,True,True,pass
D01-S001-06343,True,True,pass
D01-S001-06344,True,True,pass
D01-S001-06345,True,True,pass
D01-S001-06346,True,True,pass
D01-S001-06347,True,True,pass
D01-S001-06348,True,True,pass
D01-S001-06349,True,True,pass
D01-S001-06350,True,True,pass
D01-S001-06351,True,True,pass
D01-S001-06352,True,True,pass
D01-S001-06353,True,True,pass
D01-S001-06354,True,True,pass
D01-S001-06355,True,True,pass
D01-S001-06356,True,True,pass
D01-S001-06357,True,True,pass
D01-S001-06358,True,True,pass
D01-S001-06359,True,True,pass
D01-S001-06360,True,True,pass
D01-S001-06361,True,True,pass
D01-S001-06362,True,True,pass
D01-S001-06363,True,True,pass
D01-S001-06364,True,True,pass
D01-S001-06365,True,True,pass
D01-S001-06366,True,True,pass
D01-S001-06367,True,True,pass
D01-S001-06368,True,True,pass
D01-S001-06369,True,True,pass
D01-S001-06370,True,True,pass
D01-S001-06371,True,True,pass
D01-S001-06372,True,True,pass
D01-S001-06373,True,True,pass
D01-S001-06374,True,True,pass
D01-S001-06375,True,True,pass
D01-S001-06376,True,True,pass
D01-S001-06377,True,True,pass
D01-S001-06378,True,True,pass
D01-S001-06379,True,True,pass
D01-S001-06380,True,True,pass
D01-S001-06381,True,True,pass
D01-S001-06382,True,True,pass
D01-S001-06383,True,True,pass
D01-S001-06384,True,True,pass
D01-S001-06385,True,True,pass
D01-S001-06386,True,True,pass
D01-S001-06387,True,True,pass
D01-S001-06388,True,True,pass
D01-S001-06389,True,True,pass
D01-S001-06390,True,True,pass
D01-S001-06391,True,True,pass
D01-S001-06392,True,True,pass
D01-S001-06393,True,True,pass
D01-S001-06394,True,True,pass
D01-S001-06395,True,True,pass
D01-S001-06396,True,True,pass
D01-S001-06397,True,True,pass
D01-S001-06398,True,True,pass
D01-S001-06399,True,True,pass
D01-S001-06400,True,True,pass
D01-S001-06401,True,True,pass
D01-S001-06402,True,True,pass
D01-S001-06403,True,True,pass
D01-S001-06404,True,True,pass
D01-S001-06405,True,True,pass
D01-S001-06406,True,True,pass
D01-S001-06407,True,True,pass
D01-S001-06408,True,True,pass
D01-S001-06409,True,True,pass
D01-S001-06410,True,True,pass
D01-S001-06411,True,True,pass
D01-S001-06412,True,True,pass
D01-S001-06413,True,True,pass
D01-S001-06414,True,True,pass
D01-S001-06415,True,True,pass
D01-S001-06416,True,True,pass
D01-S001-06417,True,True,pass
D01-S001-06418,True,True,pass
D01-S001-06419,True,True,pass
D01-S001-06420,True,True,pass
D01-S001-06421,True,True,pass
D01-S001-06422,True,True,pass
D01-S001-06423,True,True,pass
D01-S001-06424,True,True,pass
D01-S001-06425,True,True,pass
D01-S001-06426,True,True,pass
D01-S001-06427,True,True,pass
D01-S001-06428,True,True,pass
D01-S001-06429,True,True,pass
D01-S001-06430,True,True,pass
D01-S001-06431,True,True,pass
D01-S001-06432,True,True,pass
D01-S001-06433,True,True,pass
D01-S001-06434,True,True,pass
D01-S001-06435,True,True,pass
D01-S001-06436,True,True,pass
D01-S001-06437,True,True,pass
D01-S001-06438,True,True,pass
D01-S001-06439,True,True,pass
D01-S001-06440,True,True,pass
D01-S001-06441,True,True,pass
D01-S001-06442,True,True,pass
D01-S001-06443,True,True,pass
D01-S001-06444,True,True,pass
D01-S001-06445,True,True,pass
D01-S001-06446,True,True,pass
D01-S001-06447,True,True,pass
D01-S001-06448,True,True,pass
D01-S001-06449,True,True,pass
D01-S001-06450,True,True,pass
D01-S001-06451,True,True,pass
D01-S001-06452,True,True,pass
D01-S001-06453,True,True,pass
D01-S001-06454,True,True,pass
D01-S001-06455,True,True,pass
D01-S001-06456,True,True,pass
D01-S001-06457,True,True,pass
D01-S001-06458,True,True,pass
D01-S001-06459,True,True,pass
D01-S001-06460,True,True,pass
D01-S001-06461,True,True,pass
D01-S001-06462,True,True,pass
D01-S001-06463,True,True,pass
D01-S001-06464,True,True,pass
D01-S001-06465,True,True,pass
D01-S001-06466,True,True,pass
D01-S001-06467,True,True,pass
D01-S001-06468,True,True,pass
D01-S001-06469,True,True,pass
D01-S001-06470,True,True,pass
D01-S001-06471,True,True,pass
D01-S001-06472,True,True,pass
D01-S001-06473,True,True,pass
D01-S001-06474,True,True,pass
D01-S001-06475,True,True,pass
D01-S001-06476,True,True,pass
D01-S001-06477,True,True,pass
D01-S001-06478,True,True,pass
D01-S001-06479,True,True,pass
D01-S001-06480,True,True,pass
D01-S001-06481,True,True,pass
D01-S001-06482,True,True,pass
D01-S001-06483,True,True,pass
D01-S001-06484,True,True,pass
D01-S001-06485,True,True,pass
D01-S001-06486,True,True,pass
D01-S001-06487,True,True,pass
D01-S001-06488,True,True,pass
D01-S001-06489,True,True,pass
D01-S001-06490,True,True,pass
D01-S001-06491,True,True,pass
D01-S001-06492,True,True,pass
D01-S001-06493,True,True,pass
D01-S001-06494,True,True,pass
D01-S001-06495,True,True,pass
D01-S001-06496,True,True,pass
D01-S001-06497,True,True,pass
D01-S001-06498,True,True,pass
D01-S001-06499,True,True,pass
D01-S001-06500,True,True,pass
D01-S001-06501,True,True,pass
D01-S001-06502,True,True,pass
D01-S001-06503,True,True,pass
D01-S001-06504,True,True,pass
D01-S001-06505,True,True,pass
D01-S001-06506,True,True,pass
D01-S001-06507,True,True,pass
D01-S001-06508,True,True,pass
D01-S001-06509,True,True,pass
D01-S001-06510,True,True,pass
D01-S001-06511,True,True,pass
D01-S001-06512,True,True,pass
D01-S001-06513,True,True,pass
D01-S001-06514,True,True,pass
D01-S001-06515,True,True,pass
D01-S001-06516,True,True,pass
D01-S001-06517,True,True,pass
D01-S001-06518,True,True,pass
D01-S001-06519,True,True,pass
D01-S001-06520,True,True,pass
D01-S001-06521,True,True,pass
D01-S001-06522,True,True,pass
D01-S001-06523,True,True,pass
D01-S001-06524,True,True,pass
D01-S001-06525,True,True,pass
D01-S001-06526,True,True,pass
D01-S001-06527,True,True,pass
D01-S001-06528,True,True,pass
D01-S001-06529,True,True,pass
D01-S001-06530,True,True,pass
D01-S001-06531,True,True,pass
D01-S001-06532,True,True,pass
D01-S001-06533,True,True,pass
D01-S001-06534,True,True,pass
D01-S001-06535,True,True,pass
D01-S001-06536,True,True,pass
D01-S001-06537,True,True,pass
D01-S001-06538,True,True,pass
D01-S001-06539,True,True,pass
D01-S001-06540,True,True,pass
D01-S001-06541,True,True,pass
D01-S001-06542,True,True,pass
D01-S001-06543,True,True,pass
D01-S001-06544,True,True,pass
D01-S001-06545,True,True,pass
D01-S001-06546,True,True,pass
D01-S001-06547,True,True,pass
D01-S001-06548,True,True,pass
D01-S001-06549,True,True,pass
D01-S001-06550,True,True,pass
D01-S001-06551,True,True,pass
D01-S001-06552,True,True,pass
D01-S001-06553,True,True,pass
D01-S001-06554,True,True,pass
D01-S001-06555,True,True,pass
D01-S001-06556,True,True,pass
D01-S001-06557,True,True,pass
D01-S001-06558,True,True,pass
D01-S001-06559,True,True,pass
D01-S001-06560,True,True,pass
D01-S001-06561,True,True,pass
D01-S001-06562,True,True,pass
D01-S001-06563,True,True,pass
D01-S001-06564,True,True,pass
D01-S001-06565,True,True,pass
D01-S001-06566,True,True,pass
D01-S001-06567,True,True,pass
D01-S001-06568,True,True,pass
D01-S001-06569,True,True,pass
D01-S001-06570,True,True,pass
D01-S001-06571,True,True,pass
D01-S001-06572,True,True,pass
D01-S001-06573,True,True,pass
D01-S001-06574,True,True,pass
D01-S001-06575,True,True,pass
D01-S001-06576,True,True,pass
D01-S001-06577,True,True,pass
D01-S001-06578,True,True,pass
D01-S001-06579,True,True,pass
D01-S001-06580,True,True,pass
D01-S001-06581,True,True,pass
D01-S001-06582,True,True,pass
D01-S001-06583,True,True,pass
D01-S001-06584,True,True,pass
D01-S001-06585,True,True,pass
D01-S001-06586,True,True,pass
D01-S001-06587,True,True,pass
D01-S001-06588,True,True,pass
D01-S001-06589,True,True,pass
D01-S001-06590,True,True,pass
D01-S001-06591,True,True,pass
D01-S001-06592,True,True,pass
D01-S001-06593,True,True,pass
D01-S001-06594,True,True,pass
D01-S001-06595,True,True,pass
D01-S001-06596,True,True,pass
D01-S001-06597,True,True,pass
D01-S001-06598,True,True,pass
D01-S001-06599,True,True,pass
D01-S001-06600,True,True,pass
D01-S001-06601,True,True,pass
D01-S001-06602,True,True,pass
D01-S001-06603,True,True,pass
D01-S001-06604,True,True,pass
D01-S001-06605,True,True,pass
D01-S001-06606,True,True,pass
D01-S001-06607,True,True,pass
D01-S001-06608,True,True,pass
D01-S001-06609,True,True,pass
D01-S001-06610,True,True,pass
D01-S001-06611,True,True,pass
D01-S001-06612,True,True,pass
D01-S001-06613,True,True,pass
D01-S001-06614,True,True,pass
D01-S001-06615,True,True,pass
D01-S001-06616,True,True,pass
D01-S001-06617,True,True,pass
D01-S001-06618,True,True,pass
D01-S001-06619,True,True,pass
D01-S001-06620,True,True,pass
D01-S001-06621,True,True,pass
D01-S001-06622,True,True,pass
D01-S001-06623,True,True,pass
D01-S001-06624,True,True,pass
D01-S001-06625,True,True,pass
D01-S001-06626,True,True,pass
D01-S001-06627,True,True,pass
D01-S001-06628,True,True,pass
D01-S001-06629,True,True,pass
D01-S001-06630,True,True,pass
D01-S001-06631,True,True,pass
D01-S001-06632,True,True,pass
D01-S001-06633,True,True,pass
D01-S001-06634,True,True,pass
D01-S001-06635,True,True,pass
D01-S001-06636,True,True,pass
D01-S001-06637,True,True,pass
D01-S001-06638,True,True,pass
D01-S001-06639,True,True,pass
D01-S001-06640,True,True,pass
D01-S001-06641,True,True,pass
D01-S001-06642,True,True,pass
D01-S001-06643,True,True,pass
D01-S001-06644,True,True,pass
D01-S001-06645,True,True,pass
D01-S001-06646,True,True,pass
D01-S001-06647,True,True,pass
D01-S001-06648,True,True,pass
D01-S001-06649,True,True,pass
D01-S001-06650,True,True,pass
D01-S001-06651,True,True,pass
D01-S001-06652,True,True,pass
D01-S001-06653,True,True,pass
D01-S001-06654,True,True,pass
D01-S001-06655,True,True,pass
D01-S001-06656,True,True,pass
D01-S001-06657,True,True,pass
D01-S001-06658,True,True,pass
D01-S001-06659,True,True,pass
D01-S001-06660,True,True,pass
D01-S001-06661,True,True,pass
D01-S001-06662,True,True,pass
D01-S001-06663,True,True,pass
D01-S001-06664,True,True,pass
D01-S001-06665,True,True,pass
D01-S001-06666,True,True,pass
D01-S001-06667,True,True,pass
D01-S001-06668,True,True,pass
D01-S001-06669,True,True,pass
D01-S001-06670,True,True,pass
D01-S001-06671,True,True,pass
D01-S001-06672,True,True,pass
D01-S001-06673,True,True,pass
D01-S001-06674,True,True,pass
D01-S001-06675,True,True,pass
D01-S001-06676,True,True,pass
D01-S001-06677,True,True,pass
D01-S001-06678,True,True,pass
D01-S001-06679,True,True,pass
D01-S001-06680,True,True,pass
D01-S001-06681,True,True,pass
D01-S001-06682,True,True,pass
D01-S001-06683,True,True,pass
D01-S001-06684,True,True,pass
D01-S001-06685,True,True,pass
D01-S001-06686,True,True,pass
D01-S001-06687,True,True,pass
D01-S001-06688,True,True,pass
D01-S001-06689,True,True,pass
D01-S001-06690,True,True,pass
D01-S001-06691,True,True,pass
D01-S001-06692,True,True,pass
D01-S001-06693,True,True,pass
D01-S001-06694,True,True,pass
D01-S001-06695,True,True,pass
D01-S001-06696,True,True,pass
D01-S001-06697,True,True,pass
D01-S001-06698,True,True,pass
D01-S001-06699,True,True,pass
D01-S001-06700,True,True,pass
D01-S001-06701,True,True,pass
D01-S001-06702,True,True,pass
D01-S001-06703,True,True,pass
D01-S001-06704,True,True,pass
D01-S001-06705,True,True,pass
D01-S001-06706,True,True,pass
D01-S001-06707,True,True,pass
D01-S001-06708,True,True,pass
D01-S001-06709,True,True,pass
D01-S001-06710,True,True,pass
D01-S001-06711,True,True,pass
D01-S001-06712,True,True,pass
D01-S001-06713,True,True,pass
D01-S001-06714,True,True,pass
D01-S001-06715,True,True,pass
D01-S001-06716,True,True,pass
D01-S001-06717,True,True,pass
D01-S001-06718,True,True,pass
D01-S001-06719,True,True,pass
D01-S001-06720,True,True,pass
D01-S001-06721,True,True,pass
D01-S001-06722,True,True,pass
D01-S001-06723,True,True,pass
D01-S001-06724,True,True,pass
D01-S001-06725,True,True,pass
D01-S001-06726,True,True,pass
D01-S001-06727,True,True,pass
D01-S001-06728,True,True,pass
D01-S001-06729,True,True,pass
D01-S001-06730,True,True,pass
D01-S001-06731,True,True,pass
D01-S001-06732,True,True,pass
D01-S001-06733,True,True,pass
D01-S001-06734,True,True,pass
D01-S001-06735,True,True,pass
D01-S001-06736,True,True,pass
D01-S001-06737,True,True,pass
D01-S001-06738,True,True,pass
D01-S001-06739,True,True,pass
D01-S001-06740,True,True,pass
D01-S001-06741,True,True,pass
D01-S001-06742,True,True,pass
D01-S001-06743,True,True,pass
D01-S001-06744,True,True,pass
D01-S001-06745,True,True,pass
D01-S001-06746,True,True,pass
D01-S001-06747,True,True,pass
D01-S001-06748,True,True,pass
D01-S001-06749,True,True,pass
D01-S001-06750,True,True,pass
D01-S001-06751,True,True,pass
D01-S001-06752,True,True,pass
D01-S001-06753,True,True,pass
D01-S001-06754,True,True,pass
D01-S001-06755,True,True,pass
D01-S001-06756,True,True,pass
D01-S001-06757,True,True,pass
D01-S001-06758,True,True,pass
D01-S001-06759,True,True,pass
D01-S001-06760,True,True,pass
D01-S001-06761,True,True,pass
D01-S001-06762,True,True,pass
D01-S001-06763,True,True,pass
D01-S001-06764,True,True,pass
D01-S001-06765,True,True,pass
D01-S001-06766,True,True,pass
D01-S001-06767,True,True,pass
D01-S001-06768,True,True,pass
D01-S001-06769,True,True,pass
D01-S001-06770,True,True,pass
D01-S001-06771,True,True,pass
D01-S001-06772,True,True,pass
D01-S001-06773,True,True,pass
D01-S001-06774,True,True,pass
D01-S001-06775,True,True,pass
D01-S001-06776,True,True,pass
D01-S001-06777,True,True,pass
D01-S001-06778,True,True,pass
D01-S001-06779,True,True,pass
D01-S001-06780,True,True,pass
D01-S001-06781,True,True,pass
D01-S001-06782,True,True,pass
D01-S001-06783,True,True,pass
D01-S001-06784,True,True,pass
D01-S001-06785,True,True,pass
D01-S001-06786,True,True,pass
D01-S001-06787,True,True,pass
D01-S001-06788,True,True,pass
D01-S001-06789,True,True,pass
D01-S001-06790,True,True,pass
D01-S001-06791,True,True,pass
D01-S001-06792,True,True,pass
D01-S001-06793,True,True,pass
D01-S001-06794,True,True,pass
D01-S001-06795,True,True,pass
D01-S001-06796,True,True,pass
D01-S001-06797,True,True,pass
D01-S001-06798,True,True,pass
D01-S001-06799,True,True,pass
D01-S001-06800,True,True,pass
D01-S001-06801,True,True,pass
D01-S001-06802,True,True,pass
D01-S001-06803,True,True,pass
D01-S001-06804,True,True,pass
D01-S001-06805,True,True,pass
D01-S001-06806,True,True,pass
D01-S001-06807,True,True,pass
D01-S001-06808,True,True,pass
D01-S001-06809,True,True,pass
D01-S001-06810,True,True,pass
D01-S001-06811,True,True,pass
D01-S001-06812,True,True,pass
D01-S001-06813,True,True,pass
D01-S001-06814,True,True,pass
D01-S001-06815,True,True,pass
D01-S001-06816,True,True,pass
D01-S001-06817,True,True,pass
D01-S001-06818,True,True,pass
D01-S001-06819,True,True,pass
D01-S001-06820,True,True,pass
D01-S001-06821,True,True,pass
D01-S001-06822,True,True,pass
D01-S001-06823,True,True,pass
D01-S001-06824,True,True,pass
D01-S001-06825,True,True,pass
D01-S001-06826,True,True,pass
D01-S001-06827,True,True,pass
D01-S001-06828,True,True,pass
D01-S001-06829,True,True,pass
D01-S001-06830,True,True,pass
D01-S001-06831,True,True,pass
D01-S001-06832,True,True,pass
D01-S001-06833,True,True,pass
D01-S001-06834,True,True,pass
D01-S001-06835,True,True,pass
D01-S001-06836,True,True,pass
D01-S001-06837,True,True,pass
D01-S001-06838,True,True,pass
D01-S001-06839,True,True,pass
D01-S001-06840,True,True,pass
D01-S001-06841,True,True,pass
D01-S001-06842,True,True,pass
D01-S001-06843,True,True,pass
D01-S001-06844,True,True,pass
D01-S001-06845,True,True,pass
D01-S001-06846,True,True,pass
D01-S001-06847,True,True,pass
D01-S001-06848,True,True,pass
D01-S001-06849,True,True,pass
D01-S001-06850,True,True,pass
D01-S001-06851,True,True,pass
D01-S001-06852,True,True,pass
D01-S001-06853,True,True,pass
D01-S001-06854,True,True,pass
D01-S001-06855,True,True,pass
D01-S001-06856,True,True,pass
D01-S001-06857,True,True,pass
D01-S001-06858,True,True,pass
D01-S001-06859,True,True,pass
D01-S001-06860,True,True,pass
D01-S001-06861,True,True,pass
D01-S001-06862,True,True,pass
D01-S001-06863,True,True,pass
D01-S001-06864,True,True,pass
D01-S001-06865,True,True,pass
D01-S001-06866,True,True,pass
D01-S001-06867,True,True,pass
D01-S001-06868,True,True,pass
D01-S001-06869,True,True,pass
D01-S001-06870,True,True,pass
D01-S001-06871,True,True,pass
D01-S001-06872,True,True,pass
D01-S001-06873,True,True,pass
D01-S001-06874,True,True,pass
D01-S001-06875,True,True,pass
D01-S001-06876,True,True,pass
D01-S001-06877,True,True,pass
D01-S001-06878,True,True,pass
D01-S001-06879,True,True,pass
D01-S001-06880,True,True,pass
D01-S001-06881,True,True,pass
D01-S001-06882,True,True,pass
D01-S001-06883,True,True,pass
D01-S001-06884,True,True,pass
D01-S001-06885,True,True,pass
D01-S001-06886,True,True,pass
D01-S001-06887,True,True,pass
D01-S001-06888,True,True,pass
D01-S001-06889,True,True,pass
D01-S001-06890,True,True,pass
D01-S001-06891,True,True,pass
D01-S001-06892,True,True,pass
D01-S001-06893,True,True,pass
D01-S001-06894,True,True,pass
D01-S001-06895,True,True,pass
D01-S001-06896,True,True,pass
D01-S001-06897,True,True,pass
D01-S001-06898,True,True,pass
D01-S001-06899,True,True,pass
D01-S001-06900,True,True,pass
D01-S001-06901,True,True,pass
D01-S001-06902,True,True,pass
D01-S001-06903,True,True,pass
D01-S001-06904,True,True,pass
D01-S001-06905,True,True,pass
D01-S001-06906,True,True,pass
D01-S001-06907,True,True,pass
D01-S001-06908,True,True,pass
D01-S001-06909,True,True,pass
D01-S001-06910,True,True,pass
D01-S001-06911,True,True,pass
D01-S001-06912,True,True,pass
D01-S001-06913,True,True,pass
D01-S001-06914,True,True,pass
D01-S001-06915,True,True,pass
D01-S001-06916,True,True,pass
D01-S001-06917,True,True,pass
D01-S001-06918,True,True,pass
D01-S001-06919,True,True,pass
D01-S001-06920,True,True,pass
D01-S001-06921,True,True,pass
D01-S001-06922,True,True,pass
D01-S001-06923,True,True,pass
D01-S001-06924,True,True,pass
D01-S001-06925,True,True,pass
D01-S001-06926,True,True,pass
D01-S001-06927,True,True,pass
D01-S001-06928,True,True,pass
D01-S001-06929,True,True,pass
D01-S001-06930,True,True,pass
D01-S001-06931,True,True,pass
D01-S001-06932,True,True,pass
D01-S001-06933,True,True,pass
D01-S001-06934,True,True,pass
D01-S001-06935,True,True,pass
D01-S001-06936,True,True,pass
D01-S001-06937,True,True,pass
D01-S001-06938,True,True,pass
D01-S001-06939,True,True,pass
D01-S001-06940,True,True,pass
D01-S001-06941,True,True,pass
D01-S001-06942,True,True,pass
D01-S001-06943,True,True,pass
D01-S001-06944,True,True,pass
D01-S001-06945,True,True,pass
D01-S001-06946,True,True,pass
D01-S001-06947,True,True,pass
D01-S001-06948,True,True,pass
D01-S001-06949,True,True,pass
D01-S001-06950,True,True,pass
D01-S001-06951,True,True,pass
D01-S001-06952,True,True,pass
D01-S001-06953,True,True,pass
D01-S001-06954,True,True,pass
D01-S001-06955,True,True,pass
D01-S001-06956,True,True,pass
D01-S001-06957,True,True,pass
D01-S001-06958,True,True,pass
D01-S001-06959,True,True,pass
D01-S001-06960,True,True,pass
D01-S001-06961,True,True,pass
D01-S001-06962,True,True,pass
D01-S001-06963,True,True,pass
D01-S001-06964,True,True,pass
D01-S001-06965,True,True,pass
D01-S001-06966,True,True,pass
D01-S001-06967,True,True,pass
D01-S001-06968,True,True,pass
D01-S001-06969,True,True,pass
D01-S001-06970,True,True,pass
D01-S001-06971,True,True,pass
D01-S001-06972,True,True,pass
D01-S001-06973,True,True,pass
D01-S001-06974,True,True,pass
D01-S001-06975,True,True,pass
D01-S001-06976,True,True,pass
D01-S001-06977,True,True,pass
D01-S001-06978,True,True,pass
D01-S001-06979,True,True,pass
D01-S001-06980,True,True,pass
D01-S001-06981,True,True,pass
D01-S001-06982,True,True,pass
D01-S001-06983,True,True,pass
D01-S001-06984,True,True,pass
D01-S001-06985,True,True,pass
D01-S001-06986,True,True,pass
D01-S001-06987,True,True,pass
D01-S001-06988,True,True,pass
D01-S001-06989,True,True,pass
D01-S001-06990,True,True,pass
D01-S001-06991,True,True,pass
D01-S001-06992,True,True,pass
D01-S001-06993,True,True,pass
D01-S001-06994,True,True,pass
D01-S001-06995,True,True,pass
D01-S001-06996,True,True,pass
D01-S001-06997,True,True,pass
D01-S001-06998,True,True,pass
D01-S001-06999,True,True,pass
D01-S001-07000,True,True,pass
D01-S001-07001,True,True,pass
D01-S001-07002,True,True,pass
D01-S001-07003,True,True,pass
D01-S001-07004,True,True,pass
D01-S001-07005,True,True,pass
D01-S001-07006,True,True,pass
D01-S001-07007,True,True,pass
D01-S001-07008,True,True,pass
D01-S001-07009,True,True,pass
D01-S001-07010,True,True,pass
D01-S001-07011,True,True,pass
D01-S001-07012,True,True,pass
D01-S001-07013,True,True,pass
D01-S001-07014,True,True,pass
D01-S001-07015,True,True,pass
D01-S001-07016,True,True,pass
D01-S001-07017,True,True,pass
D01-S001-07018,True,True,pass
D01-S001-07019,True,True,pass
D01-S001-07020,True,True,pass
D01-S001-07021,True,True,pass
D01-S001-07022,True,True,pass
D01-S001-07023,True,True,pass
D01-S001-07024,True,True,pass
D01-S001-07025,True,True,pass
D01-S001-07026,True,True,pass
D01-S001-07027,True,True,pass
D01-S001-07028,True,True,pass
D01-S001-07029,True,True,pass
D01-S001-07030,True,True,pass
D01-S001-07031,True,True,pass
D01-S001-07032,True,True,pass
D01-S001-07033,True,True,pass
D01-S001-07034,True,True,pass
D01-S001-07035,True,True,pass
D01-S001-07036,True,True,pass
D01-S001-07037,True,True,pass
D01-S001-07038,True,True,pass
D01-S001-07039,True,True,pass
D01-S001-07040,True,True,pass
D01-S001-07041,True,True,pass
D01-S001-07042,True,True,pass
D01-S001-07043,True,True,pass
D01-S001-07044,True,True,pass
D01-S001-07045,True,True,pass
D01-S001-07046,True,True,pass
D01-S001-07047,True,True,pass
D01-S001-07048,True,True,pass
D01-S001-07049,True,True,pass
D01-S001-07050,True,True,pass
D01-S001-07051,True,True,pass
D01-S001-07052,True,True,pass
D01-S001-07053,True,True,pass
D01-S001-07054,True,True,pass
D01-S001-07055,True,True,pass
D01-S001-07056,True,True,pass
D01-S001-07057,True,True,pass
D01-S001-07058,True,True,pass
D01-S001-07059,True,True,pass
D01-S001-07060,True,True,pass
D01-S001-07061,True,True,pass
D01-S001-07062,True,True,pass
D01-S001-07063,True,True,pass
D01-S001-07064,True,True,pass
D01-S001-07065,True,True,pass
D01-S001-07066,True,True,pass
D01-S001-07067,True,True,pass
D01-S001-07068,True,True,pass
D01-S001-07069,True,True,pass
D01-S001-07070,True,True,pass
D01-S001-07071,True,True,pass
D01-S001-07072,True,True,pass
D01-S001-07073,True,True,pass
D01-S001-07074,True,True,pass
D01-S001-07075,True,True,pass
D01-S001-07076,True,True,pass
D01-S001-07077,True,True,pass
D01-S001-07078,True,True,pass
D01-S001-07079,True,True,pass
D01-S001-07080,True,True,pass
D01-S001-07081,True,True,pass
D01-S001-07082,True,True,pass
D01-S001-07083,True,True,pass
D01-S001-07084,True,True,pass
D01-S001-07085,True,True,pass
D01-S001-07086,True,True,pass
D01-S001-07087,True,True,pass
D01-S001-07088,True,True,pass
D01-S001-07089,True,True,pass
D01-S001-07090,True,True,pass
D01-S001-07091,True,True,pass
D01-S001-07092,True,True,pass
D01-S001-07093,True,True,pass
D01-S001-07094,True,True,pass
D01-S001-07095,True,True,pass
D01-S001-07096,True,True,pass
D01-S001-07097,True,True,pass
D01-S001-07098,True,True,pass
D01-S001-07099,True,True,pass
D01-S001-07100,True,True,pass
D01-S001-07101,True,True,pass
D01-S001-07102,True,True,pass
D01-S001-07103,True,True,pass
D01-S001-07104,True,True,pass
D01-S001-07105,True,True,pass
D01-S001-07106,True,True,pass
D01-S001-07107,True,True,pass
D01-S001-07108,True,True,pass
D01-S001-07109,True,True,pass
D01-S001-07110,True,True,pass
D01-S001-07111,True,True,pass
D01-S001-07112,True,True,pass
D01-S001-07113,True,True,pass
D01-S001-07114,True,True,pass
D01-S001-07115,True,True,pass
D01-S001-07116,True,True,pass
D01-S001-07117,True,True,pass
D01-S001-07118,True,True,pass
D01-S001-07119,True,True,pass
D01-S001-07120,True,True,pass
D01-S001-07121,True,True,pass
D01-S001-07122,True,True,pass
D01-S001-07123,True,True,pass
D01-S001-07124,True,True,pass
D01-S001-07125,True,True,pass
D01-S001-07126,True,True,pass
D01-S001-07127,True,True,pass
D01-S001-07128,True,True,pass
D01-S001-07129,True,True,pass
D01-S001-07130,True,True,pass
D01-S001-07131,True,True,pass
D01-S001-07132,True,True,pass
D01-S001-07133,True,True,pass
D01-S001-07134,True,True,pass
D01-S001-07135,True,True,pass
D01-S001-07136,True,True,pass
D01-S001-07137,True,True,pass
D01-S001-07138,True,True,pass
D01-S001-07139,True,True,pass
D01-S001-07140,True,True,pass
D01-S001-07141,True,True,pass
D01-S001-07142,True,True,pass
D01-S001-07143,True,True,pass
D01-S001-07144,True,True,pass
D01-S001-07145,True,True,pass
D01-S001-07146,True,True,pass
D01-S001-07147,True,True,pass
D01-S001-07148,True,True,pass
D01-S001-07149,True,True,pass
D01-S001-07150,True,True,pass
D01-S001-07151,True,True,pass
D01-S001-07152,True,True,pass
D01-S001-07153,True,True,pass
D01-S001-07154,True,True,pass
D01-S001-07155,True,True,pass
D01-S001-07156,True,True,pass
D01-S001-07157,True,True,pass
D01-S001-07158,True,True,pass
D01-S001-07159,True,True,pass
D01-S001-07160,True,True,pass
D01-S001-07161,True,True,pass
D01-S001-07162,True,True,pass
D01-S001-07163,True,True,pass
D01-S001-07164,True,True,pass
D01-S001-07165,True,True,pass
D01-S001-07166,True,True,pass
D01-S001-07167,True,True,pass
D01-S001-07168,True,True,pass
D01-S001-07169,True,True,pass
D01-S001-07170,True,True,pass
D01-S001-07171,True,True,pass
D01-S001-07172,True,True,pass
D01-S001-07173,True,True,pass
D01-S001-07174,True,True,pass
D01-S001-07175,True,True,pass
D01-S001-07176,True,True,pass
D01-S001-07177,True,True,pass
D01-S001-07178,True,True,pass
D01-S001-07179,True,True,pass
D01-S001-07180,True,True,pass
D01-S001-07181,True,True,pass
D01-S001-07182,True,True,pass
D01-S001-07183,True,True,pass
D01-S001-07184,True,True,pass
D01-S001-07185,True,True,pass
D01-S001-07186,True,True,pass
D01-S001-07187,True,True,pass
D01-S001-07188,True,True,pass
D01-S001-07189,True,True,pass
D01-S001-07190,True,True,pass
D01-S001-07191,True,True,pass
D01-S001-07192,True,True,pass
D01-S001-07193,True,True,pass
D01-S001-07194,True,True,pass
D01-S001-07195,True,True,pass
D01-S001-07196,True,True,pass
D01-S001-07197,True,True,pass
D01-S001-07198,True,True,pass
D01-S001-07199,True,True,pass
D01-S001-07200,True,True,pass
D01-S001-07201,True,True,pass
D01-S001-07202,True,True,pass
D01-S001-07203,True,True,pass
D01-S001-07204,True,True,pass
D01-S001-07205,True,True,pass
D01-S001-07206,True,True,pass
D01-S001-07207,True,True,pass
D01-S001-07208,True,True,pass
D01-S001-07209,True,True,pass
D01-S001-07210,True,True,pass
D01-S001-07211,True,True,pass
D01-S001-07212,True,True,pass
D01-S001-07213,True,True,pass
D01-S001-07214,True,True,pass
D01-S001-07215,True,True,pass
D01-S001-07216,True,True,pass
D01-S001-07217,True,True,pass
D01-S001-07218,True,True,pass
D01-S001-07219,True,True,pass
D01-S001-07220,True,True,pass
D01-S001-07221,True,True,pass
D01-S001-07222,True,True,pass
D01-S001-07223,True,True,pass
D01-S001-07224,True,True,pass
D01-S001-07225,True,True,pass
D01-S001-07226,True,True,pass
D01-S001-07227,True,True,pass
D01-S001-07228,True,True,pass
D01-S001-07229,True,True,pass
D01-S001-07230,True,True,pass
D01-S001-07231,True,True,pass
D01-S001-07232,True,True,pass
D01-S001-07233,True,True,pass
D01-S001-07234,True,True,pass
D01-S001-07235,True,True,pass
D01-S001-07236,True,True,pass
D01-S001-07237,True,True,pass
D01-S001-07238,True,True,pass
D01-S001-07239,True,True,pass
D01-S001-07240,True,True,pass
D01-S001-07241,True,True,pass
D01-S001-07242,True,True,pass
D01-S001-07243,True,True,pass
D01-S001-07244,True,True,pass
D01-S001-07245,True,True,pass
D01-S001-07246,True,True,pass
D01-S001-07247,True,True,pass
D01-S001-07248,True,True,pass
D01-S001-07249,True,True,pass
D01-S001-07250,True,True,pass
D01-S001-07251,True,True,pass
D01-S001-07252,True,True,pass
D01-S001-07253,True,True,pass
D01-S001-07254,True,True,pass
D01-S001-07255,True,True,pass
D01-S001-07256,True,True,pass
D01-S001-07257,True,True,pass
D01-S001-07258,True,True,pass
D01-S001-07259,True,True,pass
D01-S001-07260,True,True,pass
D01-S001-07261,True,True,pass
D01-S001-07262,True,True,pass
D01-S001-07263,True,True,pass
D01-S001-07264,True,True,pass
D01-S001-07265,True,True,pass
D01-S001-07266,True,True,pass
D01-S001-07267,True,True,pass
D01-S001-07268,True,True,pass
D01-S001-07269,True,True,pass
D01-S001-07270,True,True,pass
D01-S001-07271,True,True,pass
D01-S001-07272,True,True,pass
D01-S001-07273,True,True,pass
D01-S001-07274,True,True,pass
D01-S001-07275,True,True,pass
D01-S001-07276,True,True,pass
D01-S001-07277,True,True,pass
D01-S001-07278,True,True,pass
D01-S001-07279,True,True,pass
D01-S001-07280,True,True,pass
D01-S001-07281,True,True,pass
D01-S001-07282,True,True,pass
D01-S001-07283,True,True,pass
D01-S001-07284,True,True,pass
D01-S001-07285,True,True,pass
D01-S001-07286,True,True,pass
D01-S001-07287,True,True,pass
D01-S001-07288,True,True,pass
D01-S001-07289,True,True,pass
D01-S001-07290,True,True,pass
D01-S001-07291,True,True,pass
D01-S001-07292,True,True,pass
D01-S001-07293,True,True,pass
D01-S001-07294,True,True,pass
D01-S001-07295,True,True,pass
D01-S001-07296,True,True,pass
D01-S001-07297,True,True,pass
D01-S001-07298,True,True,pass
D01-S001-07299,True,True,pass
D01-S001-07300,True,True,pass
D01-S001-07301,True,True,pass
D01-S001-07302,True,True,pass
D01-S001-07303,True,True,pass
D01-S001-07304,True,True,pass
D01-S001-07305,True,True,pass
D01-S001-07306,True,True,pass
D01-S001-07307,True,True,pass
D01-S001-07308,True,True,pass
D01-S001-07309,True,True,pass
D01-S001-07310,True,True,pass
D01-S001-07311,True,True,pass
D01-S001-07312,True,True,pass
D01-S001-07313,True,True,pass
D01-S001-07314,True,True,pass
D01-S001-07315,True,True,pass
D01-S001-07316,True,True,pass
D01-S001-07317,True,True,pass
D01-S001-07318,True,True,pass
D01-S001-07319,True,True,pass
D01-S001-07320,True,True,pass
D01-S001-07321,True,True,pass
D01-S001-07322,True,True,pass
D01-S001-07323,True,True,pass
D01-S001-07324,True,True,pass
D01-S001-07325,True,True,pass
D01-S001-07326,True,True,pass
D01-S001-07327,True,True,pass
D01-S001-07328,True,True,pass
D01-S001-07329,True,True,pass
D01-S001-07330,True,True,pass
D01-S001-07331,True,True,pass
D01-S001-07332,True,True,pass
D01-S001-07333,True,True,pass
D01-S001-07334,True,True,pass
D01-S001-07335,True,True,pass
D01-S001-07336,True,True,pass
D01-S001-07337,True,True,pass
D01-S001-07338,True,True,pass
D01-S001-07339,True,True,pass
D01-S001-07340,True,True,pass
D01-S001-07341,True,True,pass
D01-S001-07342,True,True,pass
D01-S001-07343,True,True,pass
D01-S001-07344,True,True,pass
D01-S001-07345,True,True,pass
D01-S001-07346,True,True,pass
D01-S001-07347,True,True,pass
D01-S001-07348,True,True,pass
D01-S001-07349,True,True,pass
D01-S001-07350,True,True,pass
D01-S001-07351,True,True,pass
D01-S001-07352,True,True,pass
D01-S001-07353,True,True,pass
D01-S001-07354,True,True,pass
D01-S001-07355,True,True,pass
D01-S001-07356,True,True,pass
D01-S001-07357,True,True,pass
D01-S001-07358,True,True,pass
D01-S001-07359,True,True,pass
D01-S001-07360,True,True,pass
D01-S001-07361,True,True,pass
D01-S001-07362,True,True,pass
D01-S001-07363,True,True,pass
D01-S001-07364,True,True,pass
D01-S001-07365,True,True,pass
D01-S001-07366,True,True,pass
D01-S001-07367,True,True,pass
D01-S001-07368,True,True,pass
D01-S001-07369,True,True,pass
D01-S001-07370,True,True,pass
D01-S001-07371,True,True,pass
D01-S001-07372,True,True,pass
D01-S001-07373,True,True,pass
D01-S001-07374,True,True,pass
D01-S001-07375,True,True,pass
D01-S001-07376,True,True,pass
D01-S001-07377,True,True,pass
D01-S001-07378,True,True,pass
D01-S001-07379,True,True,pass
D01-S001-07380,True,True,pass
D01-S001-07381,True,True,pass
D01-S001-07382,True,True,pass
D01-S001-07383,True,True,pass
D01-S001-07384,True,True,pass
D01-S001-07385,True,True,pass
D01-S001-07386,True,True,pass
D01-S001-07387,True,True,pass
D01-S001-07388,True,True,pass
D01-S001-07389,True,True,pass
D01-S001-07390,True,True,pass
D01-S001-07391,True,True,pass
D01-S001-07392,True,True,pass
D01-S001-07393,True,True,pass
D01-S001-07394,True,True,pass
D01-S001-07395,True,True,pass
D01-S001-07396,True,True,pass
D01-S001-07397,True,True,pass
D01-S001-07398,True,True,pass
D01-S001-07399,True,True,pass
D01-S001-07400,True,True,pass
D01-S001-07401,True,True,pass
D01-S001-07402,True,True,pass
D01-S001-07403,True,True,pass
D01-S001-07404,True,True,pass
D01-S001-07405,True,True,pass
D01-S001-07406,True,True,pass
D01-S001-07407,True,True,pass
D01-S001-07408,True,True,pass
D01-S001-07409,True,True,pass
D01-S001-07410,True,True,pass
D01-S001-07411,True,True,pass
D01-S001-07412,True,True,pass
D01-S001-07413,True,True,pass
D01-S001-07414,True,True,pass
D01-S001-07415,True,True,pass
D01-S001-07416,True,True,pass
D01-S001-07417,True,True,pass
D01-S001-07418,True,True,pass
D01-S001-07419,True,True,pass
D01-S001-07420,True,True,pass
D01-S001-07421,True,True,pass
D01-S001-07422,True,True,pass
D01-S001-07423,True,True,pass
D01-S001-07424,True,True,pass
D01-S001-07425,True,True,pass
D01-S001-07426,True,True,pass
D01-S001-07427,True,True,pass
D01-S001-07428,True,True,pass
D01-S001-07429,True,True,pass
D01-S001-07430,True,True,pass
D01-S001-07431,True,True,pass
D01-S001-07432,True,True,pass
D01-S001-07433,True,True,pass
D01-S001-07434,True,True,pass
D01-S001-07435,True,True,pass
D01-S001-07436,True,True,pass
D01-S001-07437,True,True,pass
D01-S001-07438,True,True,pass
D01-S001-07439,True,True,pass
D01-S001-07440,True,True,pass
D01-S001-07441,True,True,pass
D01-S001-07442,True,True,pass
D01-S001-07443,True,True,pass
D01-S001-07444,True,True,pass
D01-S001-07445,True,True,pass
D01-S001-07446,True,True,pass
D01-S001-07447,True,True,pass
D01-S001-07448,True,True,pass
D01-S001-07449,True,True,pass
D01-S001-07450,True,True,pass
D01-S001-07451,True,True,pass
D01-S001-07452,True,True,pass
D01-S001-07453,True,True,pass
D01-S001-07454,True,True,pass
D01-S001-07455,True,True,pass
D01-S001-07456,True,True,pass
D01-S001-07457,True,True,pass
D01-S001-07458,True,True,pass
D01-S001-07459,True,True,pass
D01-S001-07460,True,True,pass
D01-S001-07461,True,True,pass
D01-S001-07462,True,True,pass
D01-S001-07463,True,True,pass
D01-S001-07464,True,True,pass
D01-S001-07465,True,True,pass
D01-S001-07466,True,True,pass
D01-S001-07467,True,True,pass
D01-S001-07468,True,True,pass
D01-S001-07469,True,True,pass
D01-S001-07470,True,True,pass
D01-S001-07471,True,True,pass
D01-S001-07472,True,True,pass
D01-S001-07473,True,True,pass
D01-S001-07474,True,True,pass
D01-S001-07475,True,True,pass
D01-S001-07476,True,True,pass
D01-S001-07477,True,True,pass
D01-S001-07478,True,True,pass
D01-S001-07479,True,True,pass
D01-S001-07480,True,True,pass
D01-S001-07481,True,True,pass
D01-S001-07482,True,True,pass
D01-S001-07483,True,True,pass
D01-S001-07484,True,True,pass
D01-S001-07485,True,True,pass
D01-S001-07486,True,True,pass
D01-S001-07487,True,True,pass
D01-S001-07488,True,True,pass
D01-S001-07489,True,True,pass
D01-S001-07490,True,True,pass
D01-S001-07491,True,True,pass
D01-S001-07492,True,True,pass
D01-S001-07493,True,True,pass
D01-S001-07494,True,True,pass
D01-S001-07495,True,True,pass
D01-S001-07496,True,True,pass
D01-S001-07497,True,True,pass
D01-S001-07498,True,True,pass
D01-S001-07499,True,True,pass
D01-S001-07500,True,True,pass
D01-S001-07501,True,True,pass
D01-S001-07502,True,True,pass
D01-S001-07503,True,True,pass
D01-S001-07504,True,True,pass
D01-S001-07505,True,True,pass
D01-S001-07506,True,True,pass
D01-S001-07507,True,True,pass
D01-S001-07508,True,True,pass
D01-S001-07509,True,True,pass
D01-S001-07510,True,True,pass
D01-S001-07511,True,True,pass
D01-S001-07512,True,True,pass
D01-S001-07513,True,True,pass
D01-S001-07514,True,True,pass
D01-S001-07515,True,True,pass
D01-S001-07516,True,True,pass
D01-S001-07517,True,True,pass
D01-S001-07518,True,True,pass
D01-S001-07519,True,True,pass
D01-S001-07520,True,True,pass
D01-S001-07521,True,True,pass
D01-S001-07522,True,True,pass
D01-S001-07523,True,True,pass
D01-S001-07524,True,True,pass
D01-S001-07525,True,True,pass
D01-S001-07526,True,True,pass
D01-S001-07527,True,True,pass
D01-S001-07528,True,True,pass
D01-S001-07529,True,True,pass
D01-S001-07530,True,True,pass
D01-S001-07531,True,True,pass
D01-S001-07532,True,True,pass
D01-S001-07533,True,True,pass
D01-S001-07534,True,True,pass
D01-S001-07535,True,True,pass
D01-S001-07536,True,True,pass
D01-S001-07537,True,True,pass
D01-S001-07538,True,True,pass
D01-S001-07539,True,True,pass
D01-S001-07540,True,True,pass
D01-S001-07541,True,True,pass
D01-S001-07542,True,True,pass
D01-S001-07543,True,True,pass
D01-S001-07544,True,True,pass
D01-S001-07545,True,True,pass
D01-S001-07546,True,True,pass
D01-S001-07547,True,True,pass
D01-S001-07548,True,True,pass
D01-S001-07549,True,True,pass
D01-S001-07550,True,True,pass
D01-S001-07551,True,True,pass
D01-S001-07552,True,True,pass
D01-S001-07553,True,True,pass
D01-S001-07554,True,True,pass
D01-S001-07555,True,True,pass
D01-S001-07556,True,True,pass
D01-S001-07557,True,True,pass
D01-S001-07558,True,True,pass
D01-S001-07559,True,True,pass
D01-S001-07560,True,True,pass
D01-S001-07561,True,True,pass
D01-S001-07562,True,True,pass
D01-S001-07563,True,True,pass
D01-S001-07564,True,True,pass
D01-S001-07565,True,True,pass
D01-S001-07566,True,True,pass
D01-S001-07567,True,True,pass
D01-S001-07568,True,True,pass
D01-S001-07569,True,True,pass
D01-S001-07570,True,True,pass
D01-S001-07571,True,True,pass
D01-S001-07572,True,True,pass
D01-S001-07573,True,True,pass
D01-S001-07574,True,True,pass
D01-S001-07575,True,True,pass
D01-S001-07576,True,True,pass
D01-S001-07577,True,True,pass
D01-S001-07578,True,True,pass
D01-S001-07579,True,True,pass
D01-S001-07580,True,True,pass
D01-S001-07581,True,True,pass
D01-S001-07582,True,True,pass
D01-S001-07583,True,True,pass
D01-S001-07584,True,True,pass
D01-S001-07585,True,True,pass
D01-S001-07586,True,True,pass
D01-S001-07587,True,True,pass
D01-S001-07588,True,True,pass
D01-S001-07589,True,True,pass
D01-S001-07590,True,True,pass
D01-S001-07591,True,True,pass
D01-S001-07592,True,True,pass
D01-S001-07593,True,True,pass
D01-S001-07594,True,True,pass
D01-S001-07595,True,True,pass
D01-S001-07596,True,True,pass
D01-S001-07597,True,True,pass
D01-S001-07598,True,True,pass
D01-S001-07599,True,True,pass
D01-S001-07600,True,True,pass
D01-S001-07601,True,True,pass
D01-S001-07602,True,True,pass
D01-S001-07603,True,True,pass
D01-S001-07604,True,True,pass
D01-S001-07605,True,True,pass
D01-S001-07606,True,True,pass
D01-S001-07607,True,True,pass
D01-S001-07608,True,True,pass
D01-S001-07609,True,True,pass
D01-S001-07610,True,True,pass
D01-S001-07611,True,True,pass
D01-S001-07612,True,True,pass
D01-S001-07613,True,True,pass
D01-S001-07614,True,True,pass
D01-S001-07615,True,True,pass
D01-S001-07616,True,True,pass
D01-S001-07617,True,True,pass
D01-S001-07618,True,True,pass
D01-S001-07619,True,True,pass
D01-S001-07620,True,True,pass
D01-S001-07621,True,True,pass
D01-S001-07622,True,True,pass
D01-S001-07623,True,True,pass
D01-S001-07624,True,True,pass
D01-S001-07625,True,True,pass
D01-S001-07626,True,True,pass
D01-S001-07627,True,True,pass
D01-S001-07628,True,True,pass
D01-S001-07629,True,True,pass
D01-S001-07630,True,True,pass
D01-S001-07631,True,True,pass
D01-S001-07632,True,True,pass
D01-S001-07633,True,True,pass
D01-S001-07634,True,True,pass
D01-S001-07635,True,True,pass
D01-S001-07636,True,True,pass
D01-S001-07637,True,True,pass
D01-S001-07638,True,True,pass
D01-S001-07639,True,True,pass
D01-S001-07640,True,True,pass
D01-S001-07641,True,True,pass
D01-S001-07642,True,True,pass
D01-S001-07643,True,True,pass
D01-S001-07644,True,True,pass
D01-S001-07645,True,True,pass
D01-S001-07646,True,True,pass
D01-S001-07647,True,True,pass
D01-S001-07648,True,True,pass
D01-S001-07649,True,True,pass
D01-S001-07650,True,True,pass
D01-S001-07651,True,True,pass
D01-S001-07652,True,True,pass
D01-S001-07653,True,True,pass
D01-S001-07654,True,True,pass
D01-S001-07655,True,True,pass
D01-S001-07656,True,True,pass
D01-S001-07657,True,True,pass
D01-S001-07658,True,True,pass
D01-S001-07659,True,True,pass
D01-S001-07660,True,True,pass
D01-S001-07661,True,True,pass
D01-S001-07662,True,True,pass
D01-S001-07663,True,True,pass
D01-S001-07664,True,True,pass
D01-S001-07665,True,True,pass
D01-S001-07666,True,True,pass
D01-S001-07667,True,True,pass
D01-S001-07668,True,True,pass
D01-S001-07669,True,True,pass
D01-S001-07670,True,True,pass
D01-S001-07671,True,True,pass
D01-S001-07672,True,True,pass
D01-S001-07673,True,True,pass
D01-S001-07674,True,True,pass
D01-S001-07675,True,True,pass
D01-S001-07676,True,True,pass
D01-S001-07677,True,True,pass
D01-S001-07678,True,True,pass
D01-S001-07679,True,True,pass
D01-S001-07680,True,True,pass
D01-S001-07681,True,True,pass
D01-S001-07682,True,True,pass
D01-S001-07683,True,True,pass
D01-S001-07684,True,True,pass
D01-S001-07685,True,True,pass
D01-S001-07686,True,True,pass
D01-S001-07687,True,True,pass
D01-S001-07688,True,True,pass
D01-S001-07689,True,True,pass
D01-S001-07690,True,True,pass
D01-S001-07691,True,True,pass
D01-S001-07692,True,True,pass
D01-S001-07693,True,True,pass
D01-S001-07694,True,True,pass
D01-S001-07695,True,True,pass
D01-S001-07696,True,True,pass
D01-S001-07697,True,True,pass
D01-S001-07698,True,True,pass
D01-S001-07699,True,True,pass
D01-S001-07700,True,True,pass
D01-S001-07701,True,True,pass
D01-S001-07702,True,True,pass
D01-S001-07703,True,True,pass
D01-S001-07704,True,True,pass
D01-S001-07705,True,True,pass
D01-S001-07706,True,True,pass
D01-S001-07707,True,True,pass
D01-S001-07708,True,True,pass
D01-S001-07709,True,True,pass
D01-S001-07710,True,True,pass
D01-S001-07711,True,True,pass
D01-S001-07712,True,True,pass
D01-S001-07713,True,True,pass
D01-S001-07714,True,True,pass
D01-S001-07715,True,True,pass
D01-S001-07716,True,True,pass
D01-S001-07717,True,True,pass
D01-S001-07718,True,True,pass
D01-S001-07719,True,True,pass
D01-S001-07720,True,True,pass
D01-S001-07721,True,True,pass
D01-S001-07722,True,True,pass
D01-S001-07723,True,True,pass
D01-S001-07724,True,True,pass
D01-S001-07725,True,True,pass
D01-S001-07726,True,True,pass
D01-S001-07727,True,True,pass
D01-S001-07728,True,True,pass
D01-S001-07729,True,True,pass
D01-S001-07730,True,True,pass
D01-S001-07731,True,True,pass
D01-S001-07732,True,True,pass
D01-S001-07733,True,True,pass
D01-S001-07734,True,True,pass
D01-S001-07735,True,True,pass
D01-S001-07736,True,True,pass
D01-S001-07737,True,True,pass
D01-S001-07738,True,True,pass
D01-S001-07739,True,True,pass
D01-S001-07740,True,True,pass
D01-S001-07741,True,True,pass
D01-S001-07742,True,True,pass
D01-S001-07743,True,True,pass
D01-S001-07744,True,True,pass
D01-S001-07745,True,True,pass
D01-S001-07746,True,True,pass
D01-S001-07747,True,True,pass
D01-S001-07748,True,True,pass
D01-S001-07749,True,True,pass
D01-S001-07750,True,True,pass
D01-S001-07751,True,True,pass
D01-S001-07752,True,True,pass
D01-S001-07753,True,True,pass
D01-S001-07754,True,True,pass
D01-S001-07755,True,True,pass
D01-S001-07756,True,True,pass
D01-S001-07757,True,True,pass
D01-S001-07758,True,True,pass
D01-S001-07759,True,True,pass
D01-S001-07760,True,True,pass
D01-S001-07761,True,True,pass
D01-S001-07762,True,True,pass
D01-S001-07763,True,True,pass
D01-S001-07764,True,True,pass
D01-S001-07765,True,True,pass
D01-S001-07766,True,True,pass
D01-S001-07767,True,True,pass
D01-S001-07768,True,True,pass
D01-S001-07769,True,True,pass
D01-S001-07770,True,True,pass
D01-S001-07771,True,True,pass
D01-S001-07772,True,True,pass
D01-S001-07773,True,True,pass
D01-S001-07774,True,True,pass
D01-S001-07775,True,True,pass
D01-S001-07776,True,True,pass
D01-S001-07777,True,True,pass
D01-S001-07778,True,True,pass
D01-S001-07779,True,True,pass
D01-S001-07780,True,True,pass
D01-S001-07781,True,True,pass
D01-S001-07782,True,True,pass
D01-S001-07783,True,True,pass
D01-S001-07784,True,True,pass
D01-S001-07785,True,True,pass
D01-S001-07786,True,True,pass
D01-S001-07787,True,True,pass
D01-S001-07788,True,True,pass
D01-S001-07789,True,True,pass
D01-S001-07790,True,True,pass
D01-S001-07791,True,True,pass
D01-S001-07792,True,True,pass
D01-S001-07793,True,True,pass
D01-S001-07794,True,True,pass
D01-S001-07795,True,True,pass
D01-S001-07796,True,True,pass
D01-S001-07797,True,True,pass
D01-S001-07798,True,True,pass
D01-S001-07799,True,True,pass
D01-S001-07800,True,True,pass
D01-S001-07801,True,True,pass
D01-S001-07802,True,True,pass
D01-S001-07803,True,True,pass
D01-S001-07804,True,True,pass
D01-S001-07805,True,True,pass
D01-S001-07806,True,True,pass
D01-S001-07807,True,True,pass
D01-S001-07808,True,True,pass
D01-S001-07809,True,True,pass
D01-S001-07810,True,True,pass
D01-S001-07811,True,True,pass
D01-S001-07812,True,True,pass
D01-S001-07813,True,True,pass
D01-S001-07814,True,True,pass
D01-S001-07815,True,True,pass
D01-S001-07816,True,True,pass
D01-S001-07817,True,True,pass
D01-S001-07818,True,True,pass
D01-S001-07819,True,True,pass
D01-S001-07820,True,True,pass
D01-S001-07821,True,True,pass
D01-S001-07822,True,True,pass
D01-S001-07823,True,True,pass
D01-S001-07824,True,True,pass
D01-S001-07825,True,True,pass
D01-S001-07826,True,True,pass
D01-S001-07827,True,True,pass
D01-S001-07828,True,True,pass
D01-S001-07829,True,True,pass
D01-S001-07830,True,True,pass
D01-S001-07831,True,True,pass
D01-S001-07832,True,True,pass
D01-S001-07833,True,True,pass
D01-S001-07834,True,True,pass
D01-S001-07835,True,True,pass
D01-S001-07836,True,True,pass
D01-S001-07837,True,True,pass
D01-S001-07838,True,True,pass
D01-S001-07839,True,True,pass
D01-S001-07840,True,True,pass
D01-S001-07841,True,True,pass
D01-S001-07842,True,True,pass
D01-S001-07843,True,True,pass
D01-S001-07844,True,True,pass
D01-S001-07845,True,True,pass
D01-S001-07846,True,True,pass
D01-S001-07847,True,True,pass
D01-S001-07848,True,True,pass
D01-S001-07849,True,True,pass
D01-S001-07850,True,True,pass
D01-S001-07851,True,True,pass
D01-S001-07852,True,True,pass
D01-S001-07853,True,True,pass
D01-S001-07854,True,True,pass
D01-S001-07855,True,True,pass
D01-S001-07856,True,True,pass
D01-S001-07857,True,True,pass
D01-S001-07858,True,True,pass
D01-S001-07859,True,True,pass
D01-S001-07860,True,True,pass
D01-S001-07861,True,True,pass
D01-S001-07862,True,True,pass
D01-S001-07863,True,True,pass
D01-S001-07864,True,True,pass
D01-S001-07865,True,True,pass
D01-S001-07866,True,True,pass
D01-S001-07867,True,True,pass
D01-S001-07868,True,True,pass
D01-S001-07869,True,True,pass
D01-S001-07870,True,True,pass
D01-S001-07871,True,True,pass
D01-S001-07872,True,True,pass
D01-S001-07873,True,True,pass
D01-S001-07874,True,True,pass
D01-S001-07875,True,True,pass
D01-S001-07876,True,True,pass
D01-S001-07877,True,True,pass
D01-S001-07878,True,True,pass
D01-S001-07879,True,True,pass
D01-S001-07880,True,True,pass
D01-S001-07881,True,True,pass
D01-S001-07882,True,True,pass
D01-S001-07883,True,True,pass
D01-S001-07884,True,True,pass
D01-S001-07885,True,True,pass
D01-S001-07886,True,True,pass
D01-S001-07887,True,True,pass
D01-S001-07888,True,True,pass
D01-S001-07889,True,True,pass
D01-S001-07890,True,True,pass
D01-S001-07891,True,True,pass
D01-S001-07892,True,True,pass
D01-S001-07893,True,True,pass
D01-S001-07894,True,True,pass
D01-S001-07895,True,True,pass
D01-S001-07896,True,True,pass
D01-S001-07897,True,True,pass
D01-S001-07898,True,True,pass
D01-S001-07899,True,True,pass
D01-S001-07900,True,True,pass
D01-S001-07901,True,True,pass
D01-S001-07902,True,True,pass
D01-S001-07903,True,True,pass
D01-S001-07904,True,True,pass
D01-S001-07905,True,True,pass
D01-S001-07906,True,True,pass
D01-S001-07907,True,True,pass
D01-S001-07908,True,True,pass
D01-S001-07909,True,True,pass
D01-S001-07910,True,True,pass
D01-S001-07911,True,True,pass
D01-S001-07912,True,True,pass
D01-S001-07913,True,True,pass
D01-S001-07914,True,True,pass
D01-S001-07915,True,True,pass
D01-S001-07916,True,True,pass
D01-S001-07917,True,True,pass
D01-S001-07918,True,True,pass
D01-S001-07919,True,True,pass
D01-S001-07920,True,True,pass
D01-S001-07921,True,True,pass
D01-S001-07922,True,True,pass
D01-S001-07923,True,True,pass
D01-S001-07924,True,True,pass
D01-S001-07925,True,True,pass
D01-S001-07926,True,True,pass
D01-S001-07927,True,True,pass
D01-S001-07928,True,True,pass
D01-S001-07929,True,True,pass
D01-S001-07930,True,True,pass
D01-S001-07931,True,True,pass
D01-S001-07932,True,True,pass
D01-S001-07933,True,True,pass
D01-S001-07934,True,True,pass
D01-S001-07935,True,True,pass
D01-S001-07936,True,True,pass
D01-S001-07937,True,True,pass
D01-S001-07938,True,True,pass
D01-S001-07939,True,True,pass
D01-S001-07940,True,True,pass
D01-S001-07941,True,True,pass
D01-S001-07942,True,True,pass
D01-S001-07943,True,True,pass
D01-S001-07944,True,True,pass
D01-S001-07945,True,True,pass
D01-S001-07946,True,True,pass
D01-S001-07947,True,True,pass
D01-S001-07948,True,True,pass
D01-S001-07949,True,True,pass
D01-S001-07950,True,True,pass
D01-S001-07951,True,True,pass
D01-S001-07952,True,True,pass
D01-S001-07953,True,True,pass
D01-S001-07954,True,True,pass
D01-S001-07955,True,True,pass
D01-S001-07956,True,True,pass
D01-S001-07957,True,True,pass
D01-S001-07958,True,True,pass
D01-S001-07959,True,True,pass
D01-S001-07960,True,True,pass
D01-S001-07961,True,True,pass
D01-S001-07962,True,True,pass
D01-S001-07963,True,True,pass
D01-S001-07964,True,True,pass
D01-S001-07965,True,True,pass
D01-S001-07966,True,True,pass
D01-S001-07967,True,True,pass
D01-S001-07968,True,True,pass
D01-S001-07969,True,True,pass
D01-S001-07970,True,True,pass
D01-S001-07971,True,True,pass
D01-S001-07972,True,True,pass
D01-S001-07973,True,True,pass
D01-S001-07974,True,True,pass
D01-S001-07975,True,True,pass
D01-S001-07976,True,True,pass
D01-S001-07977,True,True,pass
D01-S001-07978,True,True,pass
D01-S001-07979,True,True,pass
D01-S001-07980,True,True,pass
D01-S001-07981,True,True,pass
D01-S001-07982,True,True,pass
D01-S001-07983,True,True,pass
D01-S001-07984,True,True,pass
D01-S001-07985,True,True,pass
D01-S001-07986,True,True,pass
D01-S001-07987,True,True,pass
D01-S001-07988,True,True,pass
D01-S001-07989,True,True,pass
D01-S001-07990,True,True,pass
D01-S001-07991,True,True,pass
D01-S001-07992,True,True,pass
D01-S001-07993,True,True,pass
D01-S001-07994,True,True,pass
D01-S001-07995,True,True,pass
D01-S001-07996,True,True,pass
D01-S001-07997,True,True,pass
D01-S001-07998,True,True,pass
D01-S001-07999,True,True,pass
D01-S001-08000,True,True,pass
D01-S001-08001,True,True,pass
D01-S001-08002,True,True,pass
D01-S001-08003,True,True,pass
D01-S001-08004,True,True,pass
D01-S001-08005,True,True,pass
D01-S001-08006,True,True,pass
D01-S001-08007,True,True,pass
D01-S001-08008,True,True,pass
D01-S001-08009,True,True,pass
D01-S001-08010,True,True,pass
D01-S001-08011,True,True,pass
D01-S001-08012,True,True,pass
D01-S001-08013,True,True,pass
D01-S001-08014,True,True,pass
D01-S001-08015,True,True,pass
D01-S001-08016,True,True,pass
D01-S001-08017,True,True,pass
D01-S001-08018,True,True,pass
D01-S001-08019,True,True,pass
D01-S001-08020,True,True,pass
D01-S001-08021,True,True,pass
D01-S001-08022,True,True,pass
D01-S001-08023,True,True,pass
D01-S001-08024,True,True,pass
D01-S001-08025,True,True,pass
D01-S001-08026,True,True,pass
D01-S001-08027,True,True,pass
D01-S001-08028,True,True,pass
D01-S001-08029,True,True,pass
D01-S001-08030,True,True,pass
D01-S001-08031,True,True,pass
D01-S001-08032,True,True,pass
D01-S001-08033,True,True,pass
D01-S001-08034,True,True,pass
D01-S001-08035,True,True,pass
D01-S001-08036,True,True,pass
D01-S001-08037,True,True,pass
D01-S001-08038,True,True,pass
D01-S001-08039,True,True,pass
D01-S001-08040,True,True,pass
D01-S001-08041,True,True,pass
D01-S001-08042,True,True,pass
D01-S001-08043,True,True,pass
D01-S001-08044,True,True,pass
D01-S001-08045,True,True,pass
D01-S001-08046,True,True,pass
D01-S001-08047,True,True,pass
D01-S001-08048,True,True,pass
D01-S001-08049,True,True,pass
D01-S001-08050,True,True,pass
D01-S001-08051,True,True,pass
D01-S001-08052,True,True,pass
D01-S001-08053,True,True,pass
D01-S001-08054,True,True,pass
D01-S001-08055,True,True,pass
D01-S001-08056,True,True,pass
D01-S001-08057,True,True,pass
D01-S001-08058,True,True,pass
D01-S001-08059,True,True,pass
D01-S001-08060,True,True,pass
D01-S001-08061,True,True,pass
D01-S001-08062,True,True,pass
D01-S001-08063,True,True,pass
D01-S001-08064,True,True,pass
D01-S001-08065,True,True,pass
D01-S001-08066,True,True,pass
D01-S001-08067,True,True,pass
D01-S001-08068,True,True,pass
D01-S001-08069,True,True,pass
D01-S001-08070,True,True,pass
D01-S001-08071,True,True,pass
D01-S001-08072,True,True,pass
D01-S001-08073,True,True,pass
D01-S001-08074,True,True,pass
D01-S001-08075,True,True,pass
D01-S001-08076,True,True,pass
D01-S001-08077,True,True,pass
D01-S001-08078,True,True,pass
D01-S001-08079,True,True,pass
D01-S001-08080,True,True,pass
D01-S001-08081,True,True,pass
D01-S001-08082,True,True,pass
D01-S001-08083,True,True,pass
D01-S001-08084,True,True,pass
D01-S001-08085,True,True,pass
D01-S001-08086,True,True,pass
D01-S001-08087,True,True,pass
D01-S001-08088,True,True,pass
D01-S001-08089,True,True,pass
D01-S001-08090,True,True,pass
D01-S001-08091,True,True,pass
D01-S001-08092,True,True,pass
D01-S001-08093,True,True,pass
D01-S001-08094,True,True,pass
D01-S001-08095,True,True,pass
D01-S001-08096,True,True,pass
D01-S001-08097,True,True,pass
D01-S001-08098,True,True,pass
D01-S001-08099,True,True,pass
D01-S001-08100,True,True,pass
D01-S001-08101,True,True,pass
D01-S001-08102,True,True,pass
D01-S001-08103,True,True,pass
D01-S001-08104,True,True,pass
D01-S001-08105,True,True,pass
D01-S001-08106,True,True,pass
D01-S001-08107,True,True,pass
D01-S001-08108,True,True,pass
D01-S001-08109,True,True,pass
D01-S001-08110,True,True,pass
D01-S001-08111,True,True,pass
D01-S001-08112,True,True,pass
D01-S001-08113,True,True,pass
D01-S001-08114,True,True,pass
D01-S001-08115,True,True,pass
D01-S001-08116,True,True,pass
D01-S001-08117,True,True,pass
D01-S001-08118,True,True,pass
D01-S001-08119,True,True,pass
D01-S001-08120,True,True,pass
D01-S001-08121,True,True,pass
D01-S001-08122,True,True,pass
D01-S001-08123,True,True,pass
D01-S001-08124,True,True,pass
D01-S001-08125,True,True,pass
D01-S001-08126,True,True,pass
D01-S001-08127,True,True,pass
D01-S001-08128,True,True,pass
D01-S001-08129,True,True,pass
D01-S001-08130,True,True,pass
D01-S001-08131,True,True,pass
D01-S001-08132,True,True,pass
D01-S001-08133,True,True,pass
D01-S001-08134,True,True,pass
D01-S001-08135,True,True,pass
D01-S001-08136,True,True,pass
D01-S001-08137,True,True,pass
D01-S001-08138,True,True,pass
D01-S001-08139,True,True,pass
D01-S001-08140,True,True,pass
D01-S001-08141,True,True,pass
D01-S001-08142,True,True,pass
D01-S001-08143,True,True,pass
D01-S001-08144,True,True,pass
D01-S001-08145,True,True,pass
D01-S001-08146,True,True,pass
D01-S001-08147,True,True,pass
D01-S001-08148,True,True,pass
D01-S001-08149,True,True,pass
D01-S001-08150,True,True,pass
D01-S001-08151,True,True,pass
D01-S001-08152,True,True,pass
D01-S001-08153,True,True,pass
D01-S001-08154,True,True,pass
D01-S001-08155,True,True,pass
D01-S001-08156,True,True,pass
D01-S001-08157,True,True,pass
D01-S001-08158,True,True,pass
D01-S001-08159,True,True,pass
D01-S001-08160,True,True,pass
D01-S001-08161,True,True,pass
D01-S001-08162,True,True,pass
D01-S001-08163,True,True,pass
D01-S001-08164,True,True,pass
D01-S001-08165,True,True,pass
D01-S001-08166,True,True,pass
D01-S001-08167,True,True,pass
D01-S001-08168,True,True,pass
D01-S001-08169,True,True,pass
D01-S001-08170,True,True,pass
D01-S001-08171,True,True,pass
D01-S001-08172,True,True,pass
D01-S001-08173,True,True,pass
D01-S001-08174,True,True,pass
D01-S001-08175,True,True,pass
D01-S001-08176,True,True,pass
D01-S001-08177,True,True,pass
D01-S001-08178,True,True,pass
D01-S001-08179,True,True,pass
D01-S001-08180,True,True,pass
D01-S001-08181,True,True,pass
D01-S001-08182,True,True,pass
D01-S001-08183,True,True,pass
D01-S001-08184,True,True,pass
D01-S001-08185,True,True,pass
D01-S001-08186,True,True,pass
D01-S001-08187,True,True,pass
D01-S001-08188,True,True,pass
D01-S001-08189,True,True,pass
D01-S001-08190,True,True,pass
D01-S001-08191,True,True,pass
D01-S001-08192,True,True,pass
D01-S001-08193,True,True,pass
D01-S001-08194,True,True,pass
D01-S001-08195,True,True,pass
D01-S001-08196,True,True,pass
D01-S001-08197,True,True,pass
D01-S001-08198,True,True,pass
D01-S001-08199,True,True,pass
D01-S001-08200,True,True,pass
D01-S001-08201,True,True,pass
D01-S001-08202,True,True,pass
D01-S001-08203,True,True,pass
D01-S001-08204,True,True,pass
D01-S001-08205,True,True,pass
D01-S001-08206,True,True,pass
D01-S001-08207,True,True,pass
D01-S001-08208,True,True,pass
D01-S001-08209,True,True,pass
D01-S001-08210,True,True,pass
D01-S001-08211,True,True,pass
D01-S001-08212,True,True,pass
D01-S001-08213,True,True,pass
D01-S001-08214,True,True,pass
D01-S001-08215,True,True,pass
D01-S001-08216,True,True,pass
D01-S001-08217,True,True,pass
D01-S001-08218,True,True,pass
D01-S001-08219,True,True,pass
D01-S001-08220,True,True,pass
D01-S001-08221,True,True,pass
D01-S001-08222,True,True,pass
D01-S001-08223,True,True,pass
D01-S001-08224,True,True,pass
D01-S001-08225,True,True,pass
D01-S001-08226,True,True,pass
D01-S001-08227,True,True,pass
D01-S001-08228,True,True,pass
D01-S001-08229,True,True,pass
D01-S001-08230,True,True,pass
D01-S001-08231,True,True,pass
D01-S001-08232,True,True,pass
D01-S001-08233,True,True,pass
D01-S001-08234,True,True,pass
D01-S001-08235,True,True,pass
D01-S001-08236,True,True,pass
D01-S001-08237,True,True,pass
D01-S001-08238,True,True,pass
D01-S001-08239,True,True,pass
D01-S001-08240,True,True,pass
D01-S001-08241,True,True,pass
D01-S001-08242,True,True,pass
D01-S001-08243,True,True,pass
D01-S001-08244,True,True,pass
D01-S001-08245,True,True,pass
D01-S001-08246,True,True,pass
D01-S001-08247,True,True,pass
D01-S001-08248,True,True,pass
D01-S001-08249,True,True,pass
D01-S001-08250,True,True,pass
D01-S001-08251,True,True,pass
D01-S001-08252,True,True,pass
D01-S001-08253,True,True,pass
D01-S001-08254,True,True,pass
D01-S001-08255,True,True,pass
D01-S001-08256,True,True,pass
D01-S001-08257,True,True,pass
D01-S001-08258,True,True,pass
D01-S001-08259,True,True,pass
D01-S001-08260,True,True,pass
D01-S001-08261,True,True,pass
D01-S001-08262,True,True,pass
D01-S001-08263,True,True,pass
D01-S001-08264,True,True,pass
D01-S001-08265,True,True,pass
D01-S001-08266,True,True,pass
D01-S001-08267,True,True,pass
D01-S001-08268,True,True,pass
D01-S001-08269,True,True,pass
D01-S001-08270,True,True,pass
D01-S001-08271,True,True,pass
D01-S001-08272,True,True,pass
D01-S001-08273,True,True,pass
D01-S001-08274,True,True,pass
D01-S001-08275,True,True,pass
D01-S001-08276,True,True,pass
D01-S001-08277,True,True,pass
D01-S001-08278,True,True,pass
D01-S001-08279,True,True,pass
D01-S001-08280,True,True,pass
D01-S001-08281,True,True,pass
D01-S001-08282,True,True,pass
D01-S001-08283,True,True,pass
D01-S001-08284,True,True,pass
D01-S001-08285,True,True,pass
D01-S001-08286,True,True,pass
D01-S001-08287,True,True,pass
D01-S001-08288,True,True,pass
D01-S001-08289,True,True,pass
D01-S001-08290,True,True,pass
D01-S001-08291,True,True,pass
D01-S001-08292,True,True,pass
D01-S001-08293,True,True,pass
D01-S001-08294,True,True,pass
D01-S001-08295,True,True,pass
D01-S001-08296,True,True,pass
D01-S001-08297,True,True,pass
D01-S001-08298,True,True,pass
D01-S001-08299,True,True,pass
D01-S001-08300,True,True,pass
D01-S001-08301,True,True,pass
D01-S001-08302,True,True,pass
D01-S001-08303,True,True,pass
D01-S001-08304,True,True,pass
D01-S001-08305,True,True,pass
D01-S001-08306,True,True,pass
D01-S001-08307,True,True,pass
D01-S001-08308,True,True,pass
D01-S001-08309,True,True,pass
D01-S001-08310,True,True,pass
D01-S001-08311,True,True,pass
D01-S001-08312,True,True,pass
D01-S001-08313,True,True,pass
D01-S001-08314,True,True,pass
D01-S001-08315,True,True,pass
D01-S001-08316,True,True,pass
D01-S001-08317,True,True,pass
D01-S001-08318,True,True,pass
D01-S001-08319,True,True,pass
D01-S001-08320,True,True,pass
D01-S001-08321,True,True,pass
D01-S001-08322,True,True,pass
D01-S001-08323,True,True,pass
D01-S001-08324,True,True,pass
D01-S001-08325,True,True,pass
D01-S001-08326,True,True,pass
D01-S001-08327,True,True,pass
D01-S001-08328,True,True,pass
D01-S001-08329,True,True,pass
D01-S001-08330,True,True,pass
D01-S001-08331,True,True,pass
D01-S001-08332,True,True,pass
D01-S001-08333,True,True,pass
D01-S001-08334,True,True,pass
D01-S001-08335,True,True,pass
D01-S001-08336,True,True,pass
D01-S001-08337,True,True,pass
D01-S001-08338,True,True,pass
D01-S001-08339,True,True,pass
D01-S001-08340,True,True,pass
D01-S001-08341,True,True,pass
D01-S001-08342,True,True,pass
D01-S001-08343,True,True,pass
D01-S001-08344,True,True,pass
D01-S001-08345,True,True,pass
D01-S001-08346,True,True,pass
D01-S001-08347,True,True,pass
D01-S001-08348,True,True,pass
D01-S001-08349,True,True,pass
D01-S001-08350,True,True,pass
D01-S001-08351,True,True,pass
D01-S001-08352,True,True,pass
D01-S001-08353,True,True,pass
D01-S001-08354,True,True,pass
D01-S001-08355,True,True,pass
D01-S001-08356,True,True,pass
D01-S001-08357,True,True,pass
D01-S001-08358,True,True,pass
D01-S001-08359,True,True,pass
D01-S001-08360,True,True,pass
D01-S001-08361,True,True,pass
D01-S001-08362,True,True,pass
D01-S001-08363,True,True,pass
D01-S001-08364,True,True,pass
D01-S001-08365,True,True,pass
D01-S001-08366,True,True,pass
D01-S001-08367,True,True,pass
D01-S001-08368,True,True,pass
D01-S001-08369,True,True,pass
D01-S001-08370,True,True,pass
D01-S001-08371,True,True,pass
D01-S001-08372,True,True,pass
D01-S001-08373,True,True,pass
D01-S001-08374,True,True,pass
D01-S001-08375,True,True,pass
D01-S001-08376,True,True,pass
D01-S001-08377,True,True,pass
D01-S001-08378,True,True,pass
D01-S001-08379,True,True,pass
D01-S001-08380,True,True,pass
D01-S001-08381,True,True,pass
D01-S001-08382,True,True,pass
D01-S001-08383,True,True,pass
D01-S001-08384,True,True,pass
D01-S001-08385,True,True,pass
D01-S001-08386,True,True,pass
D01-S001-08387,True,True,pass
D01-S001-08388,True,True,pass
D01-S001-08389,True,True,pass
D01-S001-08390,True,True,pass
D01-S001-08391,True,True,pass
D01-S001-08392,True,True,pass
D01-S001-08393,True,True,pass
D01-S001-08394,True,True,pass
D01-S001-08395,True,True,pass
D01-S001-08396,True,True,pass
D01-S001-08397,True,True,pass
D01-S001-08398,True,True,pass
D01-S001-08399,True,True,pass
D01-S001-08400,True,True,pass
D01-S001-08401,True,True,pass
D01-S001-08402,True,True,pass
D01-S001-08403,True,True,pass
D01-S001-08404,True,True,pass
D01-S001-08405,True,True,pass
D01-S001-08406,True,True,pass
D01-S001-08407,True,True,pass
D01-S001-08408,True,True,pass
D01-S001-08409,True,True,pass
D01-S001-08410,True,True,pass
D01-S001-08411,True,True,pass
D01-S001-08412,True,True,pass
D01-S001-08413,True,True,pass
D01-S001-08414,True,True,pass
D01-S001-08415,True,True,pass
D01-S001-08416,True,True,pass
D01-S001-08417,True,True,pass
D01-S001-08418,True,True,pass
D01-S001-08419,True,True,pass
D01-S001-08420,True,True,pass
D01-S001-08421,True,True,pass
D01-S001-08422,True,True,pass
D01-S001-08423,True,True,pass
D01-S001-08424,True,True,pass
D01-S001-08425,True,True,pass
D01-S001-08426,True,True,pass
D01-S001-08427,True,True,pass
D01-S001-08428,True,True,pass
D01-S001-08429,True,True,pass
D01-S001-08430,True,True,pass
D01-S001-08431,True,True,pass
D01-S001-08432,True,True,pass
D01-S001-08433,True,True,pass
D01-S001-08434,True,True,pass
D01-S001-08435,True,True,pass
D01-S001-08436,True,True,pass
D01-S001-08437,True,True,pass
D01-S001-08438,True,True,pass
D01-S001-08439,True,True,pass
D01-S001-08440,True,True,pass
D01-S001-08441,True,True,pass
D01-S001-08442,True,True,pass
D01-S001-08443,True,True,pass
D01-S001-08444,True,True,pass
D01-S001-08445,True,True,pass
D01-S001-08446,True,True,pass
D01-S001-08447,True,True,pass
D01-S001-08448,True,True,pass
D01-S001-08449,True,True,pass
D01-S001-08450,True,True,pass
D01-S001-08451,True,True,pass
D01-S001-08452,True,True,pass
D01-S001-08453,True,True,pass
D01-S001-08454,True,True,pass
D01-S001-08455,True,True,pass
D01-S001-08456,True,True,pass
D01-S001-08457,True,True,pass
D01-S001-08458,True,True,pass
D01-S001-08459,True,True,pass
D01-S001-08460,True,True,pass
D01-S001-08461,True,True,pass
D01-S001-08462,True,True,pass
D01-S001-08463,True,True,pass
D01-S001-08464,True,True,pass
D01-S001-08465,True,True,pass
D01-S001-08466,True,True,pass
D01-S001-08467,True,True,pass
D01-S001-08468,True,True,pass
D01-S001-08469,True,True,pass
D01-S001-08470,True,True,pass
D01-S001-08471,True,True,pass
D01-S001-08472,True,True,pass
D01-S001-08473,True,True,pass
D01-S001-08474,True,True,pass
D01-S001-08475,True,True,pass
D01-S001-08476,True,True,pass
D01-S001-08477,True,True,pass
D01-S001-08478,True,True,pass
D01-S001-08479,True,True,pass
D01-S001-08480,True,True,pass
D01-S001-08481,True,True,pass
D01-S001-08482,True,True,pass
D01-S001-08483,True,True,pass
D01-S001-08484,True,True,pass
D01-S001-08485,True,True,pass
D01-S001-08486,True,True,pass
D01-S001-08487,True,True,pass
D01-S001-08488,True,True,pass
D01-S001-08489,True,True,pass
D01-S001-08490,True,True,pass
D01-S001-08491,True,True,pass
D01-S001-08492,True,True,pass
D01-S001-08493,True,True,pass
D01-S001-08494,True,True,pass
D01-S001-08495,True,True,pass
D01-S001-08496,True,True,pass
D01-S001-08497,True,True,pass
D01-S001-08498,True,True,pass
D01-S001-08499,True,True,pass
D01-S001-08500,True,True,pass
D01-S001-08501,True,True,pass
D01-S001-08502,True,True,pass
D01-S001-08503,True,True,pass
D01-S001-08504,True,True,pass
D01-S001-08505,True,True,pass
D01-S001-08506,True,True,pass
D01-S001-08507,True,True,pass
D01-S001-08508,True,True,pass
D01-S001-08509,True,True,pass
D01-S001-08510,True,True,pass
D01-S001-08511,True,True,pass
D01-S001-08512,True,True,pass
D01-S001-08513,True,True,pass
D01-S001-08514,True,True,pass
D01-S001-08515,True,True,pass
D01-S001-08516,True,True,pass
D01-S001-08517,True,True,pass
D01-S001-08518,True,True,pass
D01-S001-08519,True,True,pass
D01-S001-08520,True,True,pass
D01-S001-08521,True,True,pass
D01-S001-08522,True,True,pass
D01-S001-08523,True,True,pass
D01-S001-08524,True,True,pass
D01-S001-08525,True,True,pass
D01-S001-08526,True,True,pass
D01-S001-08527,True,True,pass
D01-S001-08528,True,True,pass
D01-S001-08529,True,True,pass
D01-S001-08530,True,True,pass
D01-S001-08531,True,True,pass
D01-S001-08532,True,True,pass
D01-S001-08533,True,True,pass
D01-S001-08534,True,True,pass
D01-S001-08535,True,True,pass
D01-S001-08536,True,True,pass
D01-S001-08537,True,True,pass
D01-S001-08538,True,True,pass
D01-S001-08539,True,True,pass
D01-S001-08540,True,True,pass
D01-S001-08541,True,True,pass
D01-S001-08542,True,True,pass
D01-S001-08543,True,True,pass
D01-S001-08544,True,True,pass
D01-S001-08545,True,True,pass
D01-S001-08546,True,True,pass
D01-S001-08547,True,True,pass
D01-S001-08548,True,True,pass
D01-S001-08549,True,True,pass
D01-S001-08550,True,True,pass
D01-S001-08551,True,True,pass
D01-S001-08552,True,True,pass
D01-S001-08553,True,True,pass
D01-S001-08554,True,True,pass
D01-S001-08555,True,True,pass
D01-S001-08556,True,True,pass
D01-S001-08557,True,True,pass
D01-S001-08558,True,True,pass
D01-S001-08559,True,True,pass
D01-S001-08560,True,True,pass
D01-S001-08561,True,True,pass
D01-S001-08562,True,True,pass
D01-S001-08563,True,True,pass
D01-S001-08564,True,True,pass
D01-S001-08565,True,True,pass
D01-S001-08566,True,True,pass
D01-S001-08567,True,True,pass
D01-S001-08568,True,True,pass
D01-S001-08569,True,True,pass
D01-S001-08570,True,True,pass
D01-S001-08571,True,True,pass
D01-S001-08572,True,True,pass
D01-S001-08573,True,True,pass
D01-S001-08574,True,True,pass
D01-S001-08575,True,True,pass
D01-S001-08576,True,True,pass
D01-S001-08577,True,True,pass
D01-S001-08578,True,True,pass
D01-S001-08579,True,True,pass
D01-S001-08580,True,True,pass
D01-S001-08581,True,True,pass
D01-S001-08582,True,True,pass
D01-S001-08583,True,True,pass
D01-S001-08584,True,True,pass
D01-S001-08585,True,True,pass
D01-S001-08586,True,True,pass
D01-S001-08587,True,True,pass
D01-S001-08588,True,True,pass
D01-S001-08589,True,True,pass
D01-S001-08590,True,True,pass
D01-S001-08591,True,True,pass
D01-S001-08592,True,True,pass
D01-S001-08593,True,True,pass
D01-S001-08594,True,True,pass
D01-S001-08595,True,True,pass
D01-S001-08596,True,True,pass
D01-S001-08597,True,True,pass
D01-S001-08598,True,True,pass
D01-S001-08599,True,True,pass
D01-S001-08600,True,True,pass
D01-S001-08601,True,True,pass
D01-S001-08602,True,True,pass
D01-S001-08603,True,True,pass
D01-S001-08604,True,True,pass
D01-S001-08605,True,True,pass
D01-S001-08606,True,True,pass
D01-S001-08607,True,True,pass
D01-S001-08608,True,True,pass
D01-S001-08609,True,True,pass
D01-S001-08610,True,True,pass
D01-S001-08611,True,True,pass
D01-S001-08612,True,True,pass
D01-S001-08613,True,True,pass
D01-S001-08614,True,True,pass
D01-S001-08615,True,True,pass
D01-S001-08616,True,True,pass
D01-S001-08617,True,True,pass
D01-S001-08618,True,True,pass
D01-S001-08619,True,True,pass
D01-S001-08620,True,True,pass
D01-S001-08621,True,True,pass
D01-S001-08622,True,True,pass
D01-S001-08623,True,True,pass
D01-S001-08624,True,True,pass
D01-S001-08625,True,True,pass
D01-S001-08626,True,True,pass
D01-S001-08627,True,True,pass
D01-S001-08628,True,True,pass
D01-S001-08629,True,True,pass
D01-S001-08630,True,True,pass
D01-S001-08631,True,True,pass
D01-S001-08632,True,True,pass
D01-S001-08633,True,True,pass
D01-S001-08634,True,True,pass
D01-S001-08635,True,True,pass
D01-S001-08636,True,True,pass
D01-S001-08637,True,True,pass
D01-S001-08638,True,True,pass
D01-S001-08639,True,True,pass
D01-S001-08640,True,True,pass
D01-S001-08641,True,True,pass
D01-S001-08642,True,True,pass
D01-S001-08643,True,True,pass
D01-S001-08644,True,True,pass
D01-S001-08645,True,True,pass
D01-S001-08646,True,True,pass
D01-S001-08647,True,True,pass
D01-S001-08648,True,True,pass
D01-S001-08649,True,True,pass
D01-S001-08650,True,True,pass
D01-S001-08651,True,True,pass
D01-S001-08652,True,True,pass
D01-S001-08653,True,True,pass
D01-S001-08654,True,True,pass
D01-S001-08655,True,True,pass
D01-S001-08656,True,True,pass
D01-S001-08657,True,True,pass
D01-S001-08658,True,True,pass
D01-S001-08659,True,True,pass
D01-S001-08660,True,True,pass
D01-S001-08661,True,True,pass
D01-S001-08662,True,True,pass
D01-S001-08663,True,True,pass
D01-S001-08664,True,True,pass
D01-S001-08665,True,True,pass
D01-S001-08666,True,True,pass
D01-S001-08667,True,True,pass
D01-S001-08668,True,True,pass
D01-S001-08669,True,True,pass
D01-S001-08670,True,True,pass
D01-S001-08671,True,True,pass
D01-S001-08672,True,True,pass
D01-S001-08673,True,True,pass
D01-S001-08674,True,True,pass
D01-S001-08675,True,True,pass
D01-S001-08676,True,True,pass
D01-S001-08677,True,True,pass
D01-S001-08678,True,True,pass
D01-S001-08679,True,True,pass
D01-S001-08680,True,True,pass
D01-S001-08681,True,True,pass
D01-S001-08682,True,True,pass
D01-S001-08683,True,True,pass
D01-S001-08684,True,True,pass
D01-S001-08685,True,True,pass
D01-S001-08686,True,True,pass
D01-S001-08687,True,True,pass
D01-S001-08688,True,True,pass
D01-S001-08689,True,True,pass
D01-S001-08690,True,True,pass
D01-S001-08691,True,True,pass
D01-S001-08692,True,True,pass
D01-S001-08693,True,True,pass
D01-S001-08694,True,True,pass
D01-S001-08695,True,True,pass
D01-S001-08696,True,True,pass
D01-S001-08697,True,True,pass
D01-S001-08698,True,True,pass
D01-S001-08699,True,True,pass
D01-S001-08700,True,True,pass
D01-S001-08701,True,True,pass
D01-S001-08702,True,True,pass
D01-S001-08703,True,True,pass
D01-S001-08704,True,True,pass
D01-S001-08705,True,True,pass
D01-S001-08706,True,True,pass
D01-S001-08707,True,True,pass
D01-S001-08708,True,True,pass
D01-S001-08709,True,True,pass
D01-S001-08710,True,True,pass
D01-S001-08711,True,True,pass
D01-S001-08712,True,True,pass
D01-S001-08713,True,True,pass
D01-S001-08714,True,True,pass
D01-S001-08715,True,True,pass
D01-S001-08716,True,True,pass
D01-S001-08717,True,True,pass
D01-S001-08718,True,True,pass
D01-S001-08719,True,True,pass
D01-S001-08720,True,True,pass
D01-S001-08721,True,True,pass
D01-S001-08722,True,True,pass
D01-S001-08723,True,True,pass
D01-S001-08724,True,True,pass
D01-S001-08725,True,True,pass
D01-S001-08726,True,True,pass
D01-S001-08727,True,True,pass
D01-S001-08728,True,True,pass
D01-S001-08729,True,True,pass
D01-S001-08730,True,True,pass
D01-S001-08731,True,True,pass
D01-S001-08732,True,True,pass
D01-S001-08733,True,True,pass
D01-S001-08734,True,True,pass
D01-S001-08735,True,True,pass
D01-S001-08736,True,True,pass
D01-S001-08737,True,True,pass
D01-S001-08738,True,True,pass
D01-S001-08739,True,True,pass
D01-S001-08740,True,True,pass
D01-S001-08741,True,True,pass
D01-S001-08742,True,True,pass
D01-S001-08743,True,True,pass
D01-S001-08744,True,True,pass
D01-S001-08745,True,True,pass
D01-S001-08746,True,True,pass
D01-S001-08747,True,True,pass
D01-S001-08748,True,True,pass
D01-S001-08749,True,True,pass
D01-S001-08750,True,True,pass
D01-S001-08751,True,True,pass
D01-S001-08752,True,True,pass
D01-S001-08753,True,True,pass
D01-S001-08754,True,True,pass
D01-S001-08755,True,True,pass
D01-S001-08756,True,True,pass
D01-S001-08757,True,True,pass
D01-S001-08758,True,True,pass
D01-S001-08759,True,True,pass
D01-S001-08760,True,True,pass
D01-S001-08761,True,True,pass
D01-S001-08762,True,True,pass
D01-S001-08763,True,True,pass
D01-S001-08764,True,True,pass
D01-S001-08765,True,True,pass
D01-S001-08766,True,True,pass
D01-S001-08767,True,True,pass
D01-S001-08768,True,True,pass
D01-S001-08769,True,True,pass
D01-S001-08770,True,True,pass
D01-S001-08771,True,True,pass
D01-S001-08772,True,True,pass
D01-S001-08773,True,True,pass
D01-S001-08774,True,True,pass
D01-S001-08775,True,True,pass
D01-S001-08776,True,True,pass
D01-S001-08777,True,True,pass
D01-S001-08778,True,True,pass
D01-S001-08779,True,True,pass
D01-S001-08780,True,True,pass
D01-S001-08781,True,True,pass
D01-S001-08782,True,True,pass
D01-S001-08783,True,True,pass
D01-S001-08784,True,True,pass
D01-S001-08785,True,True,pass
D01-S001-08786,True,True,pass
D01-S001-08787,True,True,pass
D01-S001-08788,True,True,pass
D01-S001-08789,True,True,pass
D01-S001-08790,True,True,pass
D01-S001-08791,True,True,pass
D01-S001-08792,True,True,pass
D01-S001-08793,True,True,pass
D01-S001-08794,True,True,pass
D01-S001-08795,True,True,pass
D01-S001-08796,True,True,pass
D01-S001-08797,True,True,pass
D01-S001-08798,True,True,pass
D01-S001-08799,True,True,pass
D01-S001-08800,True,True,pass
D01-S001-08801,True,True,pass
D01-S001-08802,True,True,pass
D01-S001-08803,True,True,pass
D01-S001-08804,True,True,pass
D01-S001-08805,True,True,pass
D01-S001-08806,True,True,pass
D01-S001-08807,True,True,pass
D01-S001-08808,True,True,pass
D01-S001-08809,True,True,pass
D01-S001-08810,True,True,pass
D01-S001-08811,True,True,pass
D01-S001-08812,True,True,pass
D01-S001-08813,True,True,pass
D01-S001-08814,True,True,pass
D01-S001-08815,True,True,pass
D01-S001-08816,True,True,pass
D01-S001-08817,True,True,pass
D01-S001-08818,True,True,pass
D01-S001-08819,True,True,pass
D01-S001-08820,True,True,pass
D01-S001-08821,True,True,pass
D01-S001-08822,True,True,pass
D01-S001-08823,True,True,pass
D01-S001-08824,True,True,pass
D01-S001-08825,True,True,pass
D01-S001-08826,True,True,pass
D01-S001-08827,True,True,pass
D01-S001-08828,True,True,pass
D01-S001-08829,True,True,pass
D01-S001-08830,True,True,pass
D01-S001-08831,True,True,pass
D01-S001-08832,True,True,pass
D01-S001-08833,True,True,pass
D01-S001-08834,True,True,pass
D01-S001-08835,True,True,pass
D01-S001-08836,True,True,pass
D01-S001-08837,True,True,pass
D01-S001-08838,True,True,pass
D01-S001-08839,True,True,pass
D01-S001-08840,True,True,pass
D01-S001-08841,True,True,pass
D01-S001-08842,True,True,pass
D01-S001-08843,True,True,pass
D01-S001-08844,True,True,pass
D01-S001-08845,True,True,pass
D01-S001-08846,True,True,pass
D01-S001-08847,True,True,pass
D01-S001-08848,True,True,pass
D01-S001-08849,True,True,pass
D01-S001-08850,True,True,pass
D01-S001-08851,True,True,pass
D01-S001-08852,True,True,pass
D01-S001-08853,True,True,pass
D01-S001-08854,True,True,pass
D01-S001-08855,True,True,pass
D01-S001-08856,True,True,pass
D01-S001-08857,True,True,pass
D01-S001-08858,True,True,pass
D01-S001-08859,True,True,pass
D01-S001-08860,True,True,pass
D01-S001-08861,True,True,pass
D01-S001-08862,True,True,pass
D01-S001-08863,True,True,pass
D01-S001-08864,True,True,pass
D01-S001-08865,True,True,pass
D01-S001-08866,True,True,pass
D01-S001-08867,True,True,pass
D01-S001-08868,True,True,pass
D01-S001-08869,True,True,pass
D01-S001-08870,True,True,pass
D01-S001-08871,True,True,pass
D01-S001-08872,True,True,pass
D01-S001-08873,True,True,pass
D01-S001-08874,True,True,pass
D01-S001-08875,True,True,pass
D01-S001-08876,True,True,pass
D01-S001-08877,True,True,pass
D01-S001-08878,True,True,pass
D01-S001-08879,True,True,pass
D01-S001-08880,True,True,pass
D01-S001-08881,True,True,pass
D01-S001-08882,True,True,pass
D01-S001-08883,True,True,pass
D01-S001-08884,True,True,pass
D01-S001-08885,True,True,pass
D01-S001-08886,True,True,pass
D01-S001-08887,True,True,pass
D01-S001-08888,True,True,pass
D01-S001-08889,True,True,pass
D01-S001-08890,True,True,pass
D01-S001-08891,True,True,pass
D01-S001-08892,True,True,pass
D01-S001-08893,True,True,pass
D01-S001-08894,True,True,pass
D01-S001-08895,True,True,pass
D01-S001-08896,True,True,pass
D01-S001-08897,True,True,pass
D01-S001-08898,True,True,pass
D01-S001-08899,True,True,pass
D01-S001-08900,True,True,pass
D01-S001-08901,True,True,pass
D01-S001-08902,True,True,pass
D01-S001-08903,True,True,pass
D01-S001-08904,True,True,pass
D01-S001-08905,True,True,pass
D01-S001-08906,True,True,pass
D01-S001-08907,True,True,pass
D01-S001-08908,True,True,pass
D01-S001-08909,True,True,pass
D01-S001-08910,True,True,pass
D01-S001-08911,True,True,pass
D01-S001-08912,True,True,pass
D01-S001-08913,True,True,pass
D01-S001-08914,True,True,pass
D01-S001-08915,True,True,pass
D01-S001-08916,True,True,pass
D01-S001-08917,True,True,pass
D01-S001-08918,True,True,pass
D01-S001-08919,True,True,pass
D01-S001-08920,True,True,pass
D01-S001-08921,True,True,pass
D01-S001-08922,True,True,pass
D01-S001-08923,True,True,pass
D01-S001-08924,True,True,pass
D01-S001-08925,True,True,pass
D01-S001-08926,True,True,pass
D01-S001-08927,True,True,pass
D01-S001-08928,True,True,pass
D01-S001-08929,True,True,pass
D01-S001-08930,True,True,pass
D01-S001-08931,True,True,pass
D01-S001-08932,True,True,pass
D01-S001-08933,True,True,pass
D01-S001-08934,True,True,pass
D01-S001-08935,True,True,pass
D01-S001-08936,True,True,pass
D01-S001-08937,True,True,pass
D01-S001-08938,True,True,pass
D01-S001-08939,True,True,pass
D01-S001-08940,True,True,pass
D01-S001-08941,True,True,pass
D01-S001-08942,True,True,pass
D01-S001-08943,True,True,pass
D01-S001-08944,True,True,pass
D01-S001-08945,True,True,pass
D01-S001-08946,True,True,pass
D01-S001-08947,True,True,pass
D01-S001-08948,True,True,pass
D01-S001-08949,True,True,pass
D01-S001-08950,True,True,pass
D01-S001-08951,True,True,pass
D01-S001-08952,True,True,pass
D01-S001-08953,True,True,pass
D01-S001-08954,True,True,pass
D01-S001-08955,True,True,pass
D01-S001-08956,True,True,pass
D01-S001-08957,True,True,pass
D01-S001-08958,True,True,pass
D01-S001-08959,True,True,pass
D01-S001-08960,True,True,pass
D01-S001-08961,True,True,pass
D01-S001-08962,True,True,pass
D01-S001-08963,True,True,pass
D01-S001-08964,True,True,pass
D01-S001-08965,True,True,pass
D01-S001-08966,True,True,pass
D01-S001-08967,True,True,pass
D01-S001-08968,True,True,pass
D01-S001-08969,True,True,pass
D01-S001-08970,True,True,pass
D01-S001-08971,True,True,pass
D01-S001-08972,True,True,pass
D01-S001-08973,True,True,pass
D01-S001-08974,True,True,pass
D01-S001-08975,True,True,pass
D01-S001-08976,True,True,pass
D01-S001-08977,True,True,pass
D01-S001-08978,True,True,pass
D01-S001-08979,True,True,pass
D01-S001-08980,True,True,pass
D01-S001-08981,True,True,pass
D01-S001-08982,True,True,pass
D01-S001-08983,True,True,pass
D01-S001-08984,True,True,pass
D01-S001-08985,True,True,pass
D01-S001-08986,True,True,pass
D01-S001-08987,True,True,pass
D01-S001-08988,True,True,pass
D01-S001-08989,True,True,pass
D01-S001-08990,True,True,pass
D01-S001-08991,True,True,pass
D01-S001-08992,True,True,pass
D01-S001-08993,True,True,pass
D01-S001-08994,True,True,pass
D01-S001-08995,True,True,pass
D01-S001-08996,True,True,pass
D01-S001-08997,True,True,pass
D01-S001-08998,True,True,pass
D01-S001-08999,True,True,pass
D01-S001-09000,True,True,pass
D01-S001-09001,True,True,pass
D01-S001-09002,True,True,pass
D01-S001-09003,True,True,pass
D01-S001-09004,True,True,pass
D01-S001-09005,True,True,pass
D01-S001-09006,True,True,pass
D01-S001-09007,True,True,pass
D01-S001-09008,True,True,pass
D01-S001-09009,True,True,pass
D01-S001-09010,True,True,pass
D01-S001-09011,True,True,pass
D01-S001-09012,True,True,pass
D01-S001-09013,True,True,pass
D01-S001-09014,True,True,pass
D01-S001-09015,True,True,pass
D01-S001-09016,True,True,pass
D01-S001-09017,True,True,pass
D01-S001-09018,True,True,pass
D01-S001-09019,True,True,pass
D01-S001-09020,True,True,pass
D01-S001-09021,True,True,pass
D01-S001-09022,True,True,pass
D01-S001-09023,True,True,pass
D01-S001-09024,True,True,pass
D01-S001-09025,True,True,pass
D01-S001-09026,True,True,pass
D01-S001-09027,True,True,pass
D01-S001-09028,True,True,pass
D01-S001-09029,True,True,pass
D01-S001-09030,True,True,pass
D01-S001-09031,True,True,pass
D01-S001-09032,True,True,pass
D01-S001-09033,True,True,pass
D01-S001-09034,True,True,pass
D01-S001-09035,True,True,pass
D01-S001-09036,True,True,pass
D01-S001-09037,True,True,pass
D01-S001-09038,True,True,pass
D01-S001-09039,True,True,pass
D01-S001-09040,True,True,pass
D01-S001-09041,True,True,pass
D01-S001-09042,True,True,pass
D01-S001-09043,True,True,pass
D01-S001-09044,True,True,pass
D01-S001-09045,True,True,pass
D01-S001-09046,True,True,pass
D01-S001-09047,True,True,pass
D01-S001-09048,True,True,pass
D01-S001-09049,True,True,pass
D01-S001-09050,True,True,pass
D01-S001-09051,True,True,pass
D01-S001-09052,True,True,pass
D01-S001-09053,True,True,pass
D01-S001-09054,True,True,pass
D01-S001-09055,True,True,pass
D01-S001-09056,True,True,pass
D01-S001-09057,True,True,pass
D01-S001-09058,True,True,pass
D01-S001-09059,True,True,pass
D01-S001-09060,True,True,pass
D01-S001-09061,True,True,pass
D01-S001-09062,True,True,pass
D01-S001-09063,True,True,pass
D01-S001-09064,True,True,pass
D01-S001-09065,True,True,pass
D01-S001-09066,True,True,pass
D01-S001-09067,True,True,pass
D01-S001-09068,True,True,pass
D01-S001-09069,True,True,pass
D01-S001-09070,True,True,pass
D01-S001-09071,True,True,pass
D01-S001-09072,True,True,pass
D01-S001-09073,True,True,pass
D01-S001-09074,True,True,pass
D01-S001-09075,True,True,pass
D01-S001-09076,True,True,pass
D01-S001-09077,True,True,pass
D01-S001-09078,True,True,pass
D01-S001-09079,True,True,pass
D01-S001-09080,True,True,pass
D01-S001-09081,True,True,pass
D01-S001-09082,True,True,pass
D01-S001-09083,True,True,pass
D01-S001-09084,True,True,pass
D01-S001-09085,True,True,pass
D01-S001-09086,True,True,pass
D01-S001-09087,True,True,pass
D01-S001-09088,True,True,pass
D01-S001-09089,True,True,pass
D01-S001-09090,True,True,pass
D01-S001-09091,True,True,pass
D01-S001-09092,True,True,pass
D01-S001-09093,True,True,pass
D01-S001-09094,True,True,pass
D01-S001-09095,True,True,pass
D01-S001-09096,True,True,pass
D01-S001-09097,True,True,pass
D01-S001-09098,True,True,pass
D01-S001-09099,True,True,pass
D01-S001-09100,True,True,pass
D01-S001-09101,True,True,pass
D01-S001-09102,True,True,pass
D01-S001-09103,True,True,pass
D01-S001-09104,True,True,pass
D01-S001-09105,True,True,pass
D01-S001-09106,True,True,pass
D01-S001-09107,True,True,pass
D01-S001-09108,True,True,pass
D01-S001-09109,True,True,pass
D01-S001-09110,True,True,pass
D01-S001-09111,True,True,pass
D01-S001-09112,True,True,pass
D01-S001-09113,True,True,pass
D01-S001-09114,True,True,pass
D01-S001-09115,True,True,pass
D01-S001-09116,True,True,pass
D01-S001-09117,True,True,pass
D01-S001-09118,True,True,pass
D01-S001-09119,True,True,pass
D01-S001-09120,True,True,pass
D01-S001-09121,True,True,pass
D01-S001-09122,True,True,pass
D01-S001-09123,True,True,pass
D01-S001-09124,True,True,pass
D01-S001-09125,True,True,pass
D01-S001-09126,True,True,pass
D01-S001-09127,True,True,pass
D01-S001-09128,True,True,pass
D01-S001-09129,True,True,pass
D01-S001-09130,True,True,pass
D01-S001-09131,True,True,pass
D01-S001-09132,True,True,pass
D01-S001-09133,True,True,pass
D01-S001-09134,True,True,pass
D01-S001-09135,True,True,pass
D01-S001-09136,True,True,pass
D01-S001-09137,True,True,pass
D01-S001-09138,True,True,pass
D01-S001-09139,True,True,pass
D01-S001-09140,True,True,pass
D01-S001-09141,True,True,pass
D01-S001-09142,True,True,pass
D01-S001-09143,True,True,pass
D01-S001-09144,True,True,pass
D01-S001-09145,True,True,pass
D01-S001-09146,True,True,pass
D01-S001-09147,True,True,pass
D01-S001-09148,True,True,pass
D01-S001-09149,True,True,pass
D01-S001-09150,True,True,pass
D01-S001-09151,True,True,pass
D01-S001-09152,True,True,pass
D01-S001-09153,True,True,pass
D01-S001-09154,True,True,pass
D01-S001-09155,True,True,pass
D01-S001-09156,True,True,pass
D01-S001-09157,True,True,pass
D01-S001-09158,True,True,pass
D01-S001-09159,True,True,pass
D01-S001-09160,True,True,pass
D01-S001-09161,True,True,pass
D01-S001-09162,True,True,pass
D01-S001-09163,True,True,pass
D01-S001-09164,True,True,pass
D01-S001-09165,True,True,pass
D01-S001-09166,True,True,pass
D01-S001-09167,True,True,pass
D01-S001-09168,True,True,pass
D01-S001-09169,True,True,pass
D01-S001-09170,True,True,pass
D01-S001-09171,True,True,pass
D01-S001-09172,True,True,pass
D01-S001-09173,True,True,pass
D01-S001-09174,True,True,pass
D01-S001-09175,True,True,pass
D01-S001-09176,True,True,pass
D01-S001-09177,True,True,pass
D01-S001-09178,True,True,pass
D01-S001-09179,True,True,pass
D01-S001-09180,True,True,pass
D01-S001-09181,True,True,pass
D01-S001-09182,True,True,pass
D01-S001-09183,True,True,pass
D01-S001-09184,True,True,pass
D01-S001-09185,True,True,pass
D01-S001-09186,True,True,pass
D01-S001-09187,True,True,pass
D01-S001-09188,True,True,pass
D01-S001-09189,True,True,pass
D01-S001-09190,True,True,pass
D01-S001-09191,True,True,pass
D01-S001-09192,True,True,pass
D01-S001-09193,True,True,pass
D01-S001-09194,True,True,pass
D01-S001-09195,True,True,pass
D01-S001-09196,True,True,pass
D01-S001-09197,True,True,pass
D01-S001-09198,True,True,pass
D01-S001-09199,True,True,pass
D01-S001-09200,True,True,pass
D01-S001-09201,True,True,pass
D01-S001-09202,True,True,pass
D01-S001-09203,True,True,pass
D01-S001-09204,True,True,pass
D01-S001-09205,True,True,pass
D01-S001-09206,True,True,pass
D01-S001-09207,True,True,pass
D01-S001-09208,True,True,pass
D01-S001-09209,True,True,pass
D01-S001-09210,True,True,pass
D01-S001-09211,True,True,pass
D01-S001-09212,True,True,pass
D01-S001-09213,True,True,pass
D01-S001-09214,True,True,pass
D01-S001-09215,True,True,pass
D01-S001-09216,True,True,pass
D01-S001-09217,True,True,pass
D01-S001-09218,True,True,pass
D01-S001-09219,True,True,pass
D01-S001-09220,True,True,pass
D01-S001-09221,True,True,pass
D01-S001-09222,True,True,pass
D01-S001-09223,True,True,pass
D01-S001-09224,True,True,pass
D01-S001-09225,True,True,pass
D01-S001-09226,True,True,pass
D01-S001-09227,True,True,pass
D01-S001-09228,True,True,pass
D01-S001-09229,True,True,pass
D01-S001-09230,True,True,pass
D01-S001-09231,True,True,pass
D01-S001-09232,True,True,pass
D01-S001-09233,True,True,pass
D01-S001-09234,True,True,pass
D01-S001-09235,True,True,pass
D01-S001-09236,True,True,pass
D01-S001-09237,True,True,pass
D01-S001-09238,True,True,pass
D01-S001-09239,True,True,pass
D01-S001-09240,True,True,pass
D01-S001-09241,True,True,pass
D01-S001-09242,True,True,pass
D01-S001-09243,True,True,pass
D01-S001-09244,True,True,pass
D01-S001-09245,True,True,pass
D01-S001-09246,True,True,pass
D01-S001-09247,True,True,pass
D01-S001-09248,True,True,pass
D01-S001-09249,True,True,pass
D01-S001-09250,True,True,pass
D01-S001-09251,True,True,pass
D01-S001-09252,True,True,pass
D01-S001-09253,True,True,pass
D01-S001-09254,True,True,pass
D01-S001-09255,True,True,pass
D01-S001-09256,True,True,pass
D01-S001-09257,True,True,pass
D01-S001-09258,True,True,pass
D01-S001-09259,True,True,pass
D01-S001-09260,True,True,pass
D01-S001-09261,True,True,pass
D01-S001-09262,True,True,pass
D01-S001-09263,True,True,pass
D01-S001-09264,True,True,pass
D01-S001-09265,True,True,pass
D01-S001-09266,True,True,pass
D01-S001-09267,True,True,pass
D01-S001-09268,True,True,pass
D01-S001-09269,True,True,pass
D01-S001-09270,True,True,pass
D01-S001-09271,True,True,pass
D01-S001-09272,True,True,pass
D01-S001-09273,True,True,pass
D01-S001-09274,True,True,pass
D01-S001-09275,True,True,pass
D01-S001-09276,True,True,pass
D01-S001-09277,True,True,pass
D01-S001-09278,True,True,pass
D01-S001-09279,True,True,pass
D01-S001-09280,True,True,pass
D01-S001-09281,True,True,pass
D01-S001-09282,True,True,pass
D01-S001-09283,True,True,pass
D01-S001-09284,True,True,pass
D01-S001-09285,True,True,pass
D01-S001-09286,True,True,pass
D01-S001-09287,True,True,pass
D01-S001-09288,True,True,pass
D01-S001-09289,True,True,pass
D01-S001-09290,True,True,pass
D01-S001-09291,True,True,pass
D01-S001-09292,True,True,pass
D01-S001-09293,True,True,pass
D01-S001-09294,True,True,pass
D01-S001-09295,True,True,pass
D01-S001-09296,True,True,pass
D01-S001-09297,True,True,pass
D01-S001-09298,True,True,pass
D01-S001-09299,True,True,pass
D01-S001-09300,True,True,pass
D01-S001-09301,True,True,pass
D01-S001-09302,True,True,pass
D01-S001-09303,True,True,pass
D01-S001-09304,True,True,pass
D01-S001-09305,True,True,pass
D01-S001-09306,True,True,pass
D01-S001-09307,True,True,pass
D01-S001-09308,True,True,pass
D01-S001-09309,True,True,pass
D01-S001-09310,True,True,pass
D01-S001-09311,True,True,pass
D01-S001-09312,True,True,pass
D01-S001-09313,True,True,pass
D01-S001-09314,True,True,pass
D01-S001-09315,True,True,pass
D01-S001-09316,True,True,pass
D01-S001-09317,True,True,pass
D01-S001-09318,True,True,pass
D01-S001-09319,True,True,pass
D01-S001-09320,True,True,pass
D01-S001-09321,True,True,pass
D01-S001-09322,True,True,pass
D01-S001-09323,True,True,pass
D01-S001-09324,True,True,pass
D01-S001-09325,True,True,pass
D01-S001-09326,True,True,pass
D01-S001-09327,True,True,pass
D01-S001-09328,True,True,pass
D01-S001-09329,True,True,pass
D01-S001-09330,True,True,pass
D01-S001-09331,True,True,pass
D01-S001-09332,True,True,pass
D01-S001-09333,True,True,pass
D01-S001-09334,True,True,pass
D01-S001-09335,True,True,pass
D01-S001-09336,True,True,pass
D01-S001-09337,True,True,pass
D01-S001-09338,True,True,pass
D01-S001-09339,True,True,pass
D01-S001-09340,True,True,pass
D01-S001-09341,True,True,pass
D01-S001-09342,True,True,pass
D01-S001-09343,True,True,pass
D01-S001-09344,True,True,pass
D01-S001-09345,True,True,pass
D01-S001-09346,True,True,pass
D01-S001-09347,True,True,pass
D01-S001-09348,True,True,pass
D01-S001-09349,True,True,pass
D01-S001-09350,True,True,pass
D01-S001-09351,True,True,pass
D01-S001-09352,True,True,pass
D01-S001-09353,True,True,pass
D01-S001-09354,True,True,pass
D01-S001-09355,True,True,pass
D01-S001-09356,True,True,pass
D01-S001-09357,True,True,pass
D01-S001-09358,True,True,pass
D01-S001-09359,True,True,pass
D01-S001-09360,True,True,pass
D01-S001-09361,True,True,pass
D01-S001-09362,True,True,pass
D01-S001-09363,True,True,pass
D01-S001-09364,True,True,pass
D01-S001-09365,True,True,pass
D01-S001-09366,True,True,pass
D01-S001-09367,True,True,pass
D01-S001-09368,True,True,pass
D01-S001-09369,True,True,pass
D01-S001-09370,True,True,pass
D01-S001-09371,True,True,pass
D01-S001-09372,True,True,pass
D01-S001-09373,True,True,pass
D01-S001-09374,True,True,pass
D01-S001-09375,True,True,pass
D01-S001-09376,True,True,pass
D01-S001-09377,True,True,pass
D01-S001-09378,True,True,pass
D01-S001-09379,True,True,pass
D01-S001-09380,True,True,pass
D01-S001-09381,True,True,pass
D01-S001-09382,True,True,pass
D01-S001-09383,True,True,pass
D01-S001-09384,True,True,pass
D01-S001-09385,True,True,pass
D01-S001-09386,True,True,pass
D01-S001-09387,True,True,pass
D01-S001-09388,True,True,pass
D01-S001-09389,True,True,pass
D01-S001-09390,True,True,pass
D01-S001-09391,True,True,pass
D01-S001-09392,True,True,pass
D01-S001-09393,True,True,pass
D01-S001-09394,True,True,pass
D01-S001-09395,True,True,pass
D01-S001-09396,True,True,pass
D01-S001-09397,True,True,pass
D01-S001-09398,True,True,pass
D01-S001-09399,True,True,pass
D01-S001-09400,True,True,pass
D01-S001-09401,True,True,pass
D01-S001-09402,True,True,pass
D01-S001-09403,True,True,pass
D01-S001-09404,True,True,pass
D01-S001-09405,True,True,pass
D01-S001-09406,True,True,pass
D01-S001-09407,True,True,pass
D01-S001-09408,True,True,pass
D01-S001-09409,True,True,pass
D01-S001-09410,True,True,pass
D01-S001-09411,True,True,pass
D01-S001-09412,True,True,pass
D01-S001-09413,True,True,pass
D01-S001-09414,True,True,pass
D01-S001-09415,True,True,pass
D01-S001-09416,True,True,pass
D01-S001-09417,True,True,pass
D01-S001-09418,True,True,pass
D01-S001-09419,True,True,pass
D01-S001-09420,True,True,pass
D01-S001-09421,True,True,pass
D01-S001-09422,True,True,pass
D01-S001-09423,True,True,pass
D01-S001-09424,True,True,pass
D01-S001-09425,True,True,pass
D01-S001-09426,True,True,pass
D01-S001-09427,True,True,pass
D01-S001-09428,True,True,pass
D01-S001-09429,True,True,pass
D01-S001-09430,True,True,pass
D01-S001-09431,True,True,pass
D01-S001-09432,True,True,pass
D01-S001-09433,True,True,pass
D01-S001-09434,True,True,pass
D01-S001-09435,True,True,pass
D01-S001-09436,True,True,pass
D01-S001-09437,True,True,pass
D01-S001-09438,True,True,pass
D01-S001-09439,True,True,pass
D01-S001-09440,True,True,pass
D01-S001-09441,True,True,pass
D01-S001-09442,True,True,pass
D01-S001-09443,True,True,pass
D01-S001-09444,True,True,pass
D01-S001-09445,True,True,pass
D01-S001-09446,True,True,pass
D01-S001-09447,True,True,pass
D01-S001-09448,True,True,pass
D01-S001-09449,True,True,pass
D01-S001-09450,True,True,pass
D01-S001-09451,True,True,pass
D01-S001-09452,True,True,pass
D01-S001-09453,True,True,pass
D01-S001-09454,True,True,pass
D01-S001-09455,True,True,pass
D01-S001-09456,True,True,pass
D01-S001-09457,True,True,pass
D01-S001-09458,True,True,pass
D01-S001-09459,True,True,pass
D01-S001-09460,True,True,pass
D01-S001-09461,True,True,pass
D01-S001-09462,True,True,pass
D01-S001-09463,True,True,pass
D01-S001-09464,True,True,pass
D01-S001-09465,True,True,pass
D01-S001-09466,True,True,pass
D01-S001-09467,True,True,pass
D01-S001-09468,True,True,pass
D01-S001-09469,True,True,pass
D01-S001-09470,True,True,pass
D01-S001-09471,True,True,pass
D01-S001-09472,True,True,pass
D01-S001-09473,True,True,pass
D01-S001-09474,True,True,pass
D01-S001-09475,True,True,pass
D01-S001-09476,True,True,pass
D01-S001-09477,True,True,pass
D01-S001-09478,True,True,pass
D01-S001-09479,True,True,pass
D01-S001-09480,True,True,pass
D01-S001-09481,True,True,pass
D01-S001-09482,True,True,pass
D01-S001-09483,True,True,pass
D01-S001-09484,True,True,pass
D01-S001-09485,True,True,pass
D01-S001-09486,True,True,pass
D01-S001-09487,True,True,pass
D01-S001-09488,True,True,pass
D01-S001-09489,True,True,pass
D01-S001-09490,True,True,pass
D01-S001-09491,True,True,pass
D01-S001-09492,True,True,pass
D01-S001-09493,True,True,pass
D01-S001-09494,True,True,pass
D01-S001-09495,True,True,pass
D01-S001-09496,True,True,pass
D01-S001-09497,True,True,pass
D01-S001-09498,True,True,pass
D01-S001-09499,True,True,pass
D01-S001-09500,True,True,pass
D01-S001-09501,True,True,pass
D01-S001-09502,True,True,pass
D01-S001-09503,True,True,pass
D01-S001-09504,True,True,pass
D01-S001-09505,True,True,pass
D01-S001-09506,True,True,pass
D01-S001-09507,True,True,pass
D01-S001-09508,True,True,pass
D01-S001-09509,True,True,pass
D01-S001-09510,True,True,pass
D01-S001-09511,True,True,pass
D01-S001-09512,True,True,pass
D01-S001-09513,True,True,pass
D01-S001-09514,True,True,pass
D01-S001-09515,True,True,pass
D01-S001-09516,True,True,pass
D01-S001-09517,True,True,pass
D01-S001-09518,True,True,pass
D01-S001-09519,True,True,pass
D01-S001-09520,True,True,pass
D01-S001-09521,True,True,pass
D01-S001-09522,True,True,pass
D01-S001-09523,True,True,pass
D01-S001-09524,True,True,pass
D01-S001-09525,True,True,pass
D01-S001-09526,True,True,pass
D01-S001-09527,True,True,pass
D01-S001-09528,True,True,pass
D01-S001-09529,True,True,pass
D01-S001-09530,True,True,pass
D01-S001-09531,True,True,pass
D01-S001-09532,True,True,pass
D01-S001-09533,True,True,pass
D01-S001-09534,True,True,pass
D01-S001-09535,True,True,pass
D01-S001-09536,True,True,pass
D01-S001-09537,True,True,pass
D01-S001-09538,True,True,pass
D01-S001-09539,True,True,pass
D01-S001-09540,True,True,pass
D01-S001-09541,True,True,pass
D01-S001-09542,True,True,pass
D01-S001-09543,True,True,pass
D01-S001-09544,True,True,pass
D01-S001-09545,True,True,pass
D01-S001-09546,True,True,pass
D01-S001-09547,True,True,pass
D01-S001-09548,True,True,pass
D01-S001-09549,True,True,pass
D01-S001-09550,True,True,pass
D01-S001-09551,True,True,pass
D01-S001-09552,True,True,pass
D01-S001-09553,True,True,pass
D01-S001-09554,True,True,pass
D01-S001-09555,True,True,pass
D01-S001-09556,True,True,pass
D01-S001-09557,True,True,pass
D01-S001-09558,True,True,pass
D01-S001-09559,True,True,pass
D01-S001-09560,True,True,pass
D01-S001-09561,True,True,pass
D01-S001-09562,True,True,pass
D01-S001-09563,True,True,pass
D01-S001-09564,True,True,pass
D01-S001-09565,True,True,pass
D01-S001-09566,True,True,pass
D01-S001-09567,True,True,pass
D01-S001-09568,True,True,pass
D01-S001-09569,True,True,pass
D01-S001-09570,True,True,pass
D01-S001-09571,True,True,pass
D01-S001-09572,True,True,pass
D01-S001-09573,True,True,pass
D01-S001-09574,True,True,pass
D01-S001-09575,True,True,pass
D01-S001-09576,True,True,pass
D01-S001-09577,True,True,pass
D01-S001-09578,True,True,pass
D01-S001-09579,True,True,pass
D01-S001-09580,True,True,pass
D01-S001-09581,True,True,pass
D01-S001-09582,True,True,pass
D01-S001-09583,True,True,pass
D01-S001-09584,True,True,pass
D01-S001-09585,True,True,pass
D01-S001-09586,True,True,pass
D01-S001-09587,True,True,pass
D01-S001-09588,True,True,pass
D01-S001-09589,True,True,pass
D01-S001-09590,True,True,pass
D01-S001-09591,True,True,pass
D01-S001-09592,True,True,pass
D01-S001-09593,True,True,pass
D01-S001-09594,True,True,pass
D01-S001-09595,True,True,pass
D01-S001-09596,True,True,pass
D01-S001-09597,True,True,pass
D01-S001-09598,True,True,pass
D01-S001-09599,True,True,pass
D01-S001-09600,True,True,pass
D01-S001-09601,True,True,pass
D01-S001-09602,True,True,pass
D01-S001-09603,True,True,pass
D01-S001-09604,True,True,pass
D01-S001-09605,True,True,pass
D01-S001-09606,True,True,pass
D01-S001-09607,True,True,pass
D01-S001-09608,True,True,pass
D01-S001-09609,True,True,pass
D01-S001-09610,True,True,pass
D01-S001-09611,True,True,pass
D01-S001-09612,True,True,pass
D01-S001-09613,True,True,pass
D01-S001-09614,True,True,pass
D01-S001-09615,True,True,pass
D01-S001-09616,True,True,pass
D01-S001-09617,True,True,pass
D01-S001-09618,True,True,pass
D01-S001-09619,True,True,pass
D01-S001-09620,True,True,pass
D01-S001-09621,True,True,pass
D01-S001-09622,True,True,pass
D01-S001-09623,True,True,pass
D01-S001-09624,True,True,pass
D01-S001-09625,True,True,pass
D01-S001-09626,True,True,pass
D01-S001-09627,True,True,pass
D01-S001-09628,True,True,pass
D01-S001-09629,True,True,pass
D01-S001-09630,True,True,pass
D01-S001-09631,True,True,pass
D01-S001-09632,True,True,pass
D01-S001-09633,True,True,pass
D01-S001-09634,True,True,pass
D01-S001-09635,True,True,pass
D01-S001-09636,True,True,pass
D01-S001-09637,True,True,pass
D01-S001-09638,True,True,pass
D01-S001-09639,True,True,pass
D01-S001-09640,True,True,pass
D01-S001-09641,True,True,pass
D01-S001-09642,True,True,pass
D01-S001-09643,True,True,pass
D01-S001-09644,True,True,pass
D01-S001-09645,True,True,pass
D01-S001-09646,True,True,pass
D01-S001-09647,True,True,pass
D01-S001-09648,True,True,pass
D01-S001-09649,True,True,pass
D01-S001-09650,True,True,pass
D01-S001-09651,True,True,pass
D01-S001-09652,True,True,pass
D01-S001-09653,True,True,pass
D01-S001-09654,True,True,pass
D01-S001-09655,True,True,pass
D01-S001-09656,True,True,pass
D01-S001-09657,True,True,pass
D01-S001-09658,True,True,pass
D01-S001-09659,True,True,pass
D01-S001-09660,True,True,pass
D01-S001-09661,True,True,pass
D01-S001-09662,True,True,pass
D01-S001-09663,True,True,pass
D01-S001-09664,True,True,pass
D01-S001-09665,True,True,pass
D01-S001-09666,True,True,pass
D01-S001-09667,True,True,pass
D01-S001-09668,True,True,pass
D01-S001-09669,True,True,pass
D01-S001-09670,True,True,pass
D01-S001-09671,True,True,pass
D01-S001-09672,True,True,pass
D01-S001-09673,True,True,pass
D01-S001-09674,True,True,pass
D01-S001-09675,True,True,pass
D01-S001-09676,True,True,pass
D01-S001-09677,True,True,pass
D01-S001-09678,True,True,pass
D01-S001-09679,True,True,pass
D01-S001-09680,True,True,pass
D01-S001-09681,True,True,pass
D01-S001-09682,True,True,pass
D01-S001-09683,True,True,pass
D01-S001-09684,True,True,pass
D01-S001-09685,True,True,pass
D01-S001-09686,True,True,pass
D01-S001-09687,True,True,pass
D01-S001-09688,True,True,pass
D01-S001-09689,True,True,pass
D01-S001-09690,True,True,pass
D01-S001-09691,True,True,pass
D01-S001-09692,True,True,pass
D01-S001-09693,True,True,pass
D01-S001-09694,True,True,pass
D01-S001-09695,True,True,pass
D01-S001-09696,True,True,pass
D01-S001-09697,True,True,pass
D01-S001-09698,True,True,pass
D01-S001-09699,True,True,pass
D01-S001-09700,True,True,pass
D01-S001-09701,True,True,pass
D01-S001-09702,True,True,pass
D01-S001-09703,True,True,pass
D01-S001-09704,True,True,pass
D01-S001-09705,True,True,pass
D01-S001-09706,True,True,pass
D01-S001-09707,True,True,pass
D01-S001-09708,True,True,pass
D01-S001-09709,True,True,pass
D01-S001-09710,True,True,pass
D01-S001-09711,True,True,pass
D01-S001-09712,True,True,pass
D01-S001-09713,True,True,pass
D01-S001-09714,True,True,pass
D01-S001-09715,True,True,pass
D01-S001-09716,True,True,pass
D01-S001-09717,True,True,pass
D01-S001-09718,True,True,pass
D01-S001-09719,True,True,pass
D01-S001-09720,True,True,pass
D01-S001-09721,True,True,pass
D01-S001-09722,True,True,pass
D01-S001-09723,True,True,pass
D01-S001-09724,True,True,pass
D01-S001-09725,True,True,pass
D01-S001-09726,True,True,pass
D01-S001-09727,True,True,pass
D01-S001-09728,True,True,pass
D01-S001-09729,True,True,pass
D01-S001-09730,True,True,pass
D01-S001-09731,True,True,pass
D01-S001-09732,True,True,pass
D01-S001-09733,True,True,pass
D01-S001-09734,True,True,pass
D01-S001-09735,True,True,pass
D01-S001-09736,True,True,pass
D01-S001-09737,True,True,pass
D01-S001-09738,True,True,pass
D01-S001-09739,True,True,pass
D01-S001-09740,True,True,pass
D01-S001-09741,True,True,pass
D01-S001-09742,True,True,pass
D01-S001-09743,True,True,pass
D01-S001-09744,True,True,pass
D01-S001-09745,True,True,pass
D01-S001-09746,True,True,pass
D01-S001-09747,True,True,pass
D01-S001-09748,True,True,pass
D01-S001-09749,True,True,pass
D01-S001-09750,True,True,pass
D01-S001-09751,True,True,pass
D01-S001-09752,True,True,pass
D01-S001-09753,True,True,pass
D01-S001-09754,True,True,pass
D01-S001-09755,True,True,pass
D01-S001-09756,True,True,pass
D01-S001-09757,True,True,pass
D01-S001-09758,True,True,pass
D01-S001-09759,True,True,pass
D01-S001-09760,True,True,pass
D01-S001-09761,True,True,pass
D01-S001-09762,True,True,pass
D01-S001-09763,True,True,pass
D01-S001-09764,True,True,pass
D01-S001-09765,True,True,pass
D01-S001-09766,True,True,pass
D01-S001-09767,True,True,pass
D01-S001-09768,True,True,pass
D01-S001-09769,True,True,pass
D01-S001-09770,True,True,pass
D01-S001-09771,True,True,pass
D01-S001-09772,True,True,pass
D01-S001-09773,True,True,pass
D01-S001-09774,True,True,pass
D01-S001-09775,True,True,pass
D01-S001-09776,True,True,pass
D01-S001-09777,True,True,pass
D01-S001-09778,True,True,pass
D01-S001-09779,True,True,pass
D01-S001-09780,True,True,pass
D01-S001-09781,True,True,pass
D01-S001-09782,True,True,pass
D01-S001-09783,True,True,pass
D01-S001-09784,True,True,pass
D01-S001-09785,True,True,pass
D01-S001-09786,True,True,pass
D01-S001-09787,True,True,pass
D01-S001-09788,True,True,pass
D01-S001-09789,True,True,pass
D01-S001-09790,True,True,pass
D01-S001-09791,True,True,pass
D01-S001-09792,True,True,pass
D01-S001-09793,True,True,pass
D01-S001-09794,True,True,pass
D01-S001-09795,True,True,pass
D01-S001-09796,True,True,pass
D01-S001-09797,True,True,pass
D01-S001-09798,True,True,pass
D01-S001-09799,True,True,pass
D01-S001-09800,True,True,pass
D01-S001-09801,True,True,pass
D01-S001-09802,True,True,pass
D01-S001-09803,True,True,pass
D01-S001-09804,True,True,pass
D01-S001-09805,True,True,pass
D01-S001-09806,True,True,pass
D01-S001-09807,True,True,pass
D01-S001-09808,True,True,pass
D01-S001-09809,True,True,pass
D01-S001-09810,True,True,pass
D01-S001-09811,True,True,pass
D01-S001-09812,True,True,pass
D01-S001-09813,True,True,pass
D01-S001-09814,True,True,pass
D01-S001-09815,True,True,pass
D01-S001-09816,True,True,pass
D01-S001-09817,True,True,pass
D01-S001-09818,True,True,pass
D01-S001-09819,True,True,pass
D01-S001-09820,True,True,pass
D01-S001-09821,True,True,pass
D01-S001-09822,True,True,pass
D01-S001-09823,True,True,pass
D01-S001-09824,True,True,pass
D01-S001-09825,True,True,pass
D01-S001-09826,True,True,pass
D01-S001-09827,True,True,pass
D01-S001-09828,True,True,pass
D01-S001-09829,True,True,pass
D01-S001-09830,True,True,pass
D01-S001-09831,True,True,pass
D01-S001-09832,True,True,pass
D01-S001-09833,True,True,pass
D01-S001-09834,True,True,pass
D01-S001-09835,True,True,pass
D01-S001-09836,True,True,pass
D01-S001-09837,True,True,pass
D01-S001-09838,True,True,pass
D01-S001-09839,True,True,pass
D01-S001-09840,True,True,pass
D01-S001-09841,True,True,pass
D01-S001-09842,True,True,pass
D01-S001-09843,True,True,pass
D01-S001-09844,True,True,pass
D01-S001-09845,True,True,pass
D01-S001-09846,True,True,pass
D01-S001-09847,True,True,pass
D01-S001-09848,True,True,pass
D01-S001-09849,True,True,pass
D01-S001-09850,True,True,pass
D01-S001-09851,True,True,pass
D01-S001-09852,True,True,pass
D01-S001-09853,True,True,pass
D01-S001-09854,True,True,pass
D01-S001-09855,True,True,pass
D01-S001-09856,True,True,pass
D01-S001-09857,True,True,pass
D01-S001-09858,True,True,pass
D01-S001-09859,True,True,pass
D01-S001-09860,True,True,pass
D01-S001-09861,True,True,pass
D01-S001-09862,True,True,pass
D01-S001-09863,True,True,pass
D01-S001-09864,True,True,pass
D01-S001-09865,True,True,pass
D01-S001-09866,True,True,pass
D01-S001-09867,True,True,pass
D01-S001-09868,True,True,pass
D01-S001-09869,True,True,pass
D01-S001-09870,True,True,pass
D01-S001-09871,True,True,pass
D01-S001-09872,True,True,pass
D01-S001-09873,True,True,pass
D01-S001-09874,True,True,pass
D01-S001-09875,True,True,pass
D01-S001-09876,True,True,pass
D01-S001-09877,True,True,pass
D01-S001-09878,True,True,pass
D01-S001-09879,True,True,pass
D01-S001-09880,True,True,pass
D01-S001-09881,True,True,pass
D01-S001-09882,True,True,pass
D01-S001-09883,True,True,pass
D01-S001-09884,True,True,pass
D01-S001-09885,True,True,pass
D01-S001-09886,True,True,pass
D01-S001-09887,True,True,pass
D01-S001-09888,True,True,pass
D01-S001-09889,True,True,pass
D01-S001-09890,True,True,pass
D01-S001-09891,True,True,pass
D01-S001-09892,True,True,pass
D01-S001-09893,True,True,pass
D01-S001-09894,True,True,pass
D01-S001-09895,True,True,pass
D01-S001-09896,True,True,pass
D01-S001-09897,True,True,pass
D01-S001-09898,True,True,pass
D01-S001-09899,True,True,pass
D01-S001-09900,True,True,pass
D01-S001-09901,True,True,pass
D01-S001-09902,True,True,pass
D01-S001-09903,True,True,pass
D01-S001-09904,True,True,pass
D01-S001-09905,True,True,pass
D01-S001-09906,True,True,pass
D01-S001-09907,True,True,pass
D01-S001-09908,True,True,pass
D01-S001-09909,True,True,pass
D01-S001-09910,True,True,pass
D01-S001-09911,True,True,pass
D01-S001-09912,True,True,pass
D01-S001-09913,True,True,pass
D01-S001-09914,True,True,pass
D01-S001-09915,True,True,pass
D01-S001-09916,True,True,pass
D01-S001-09917,True,True,pass
D01-S001-09918,True,True,pass
D01-S001-09919,True,True,pass
D01-S001-09920,True,True,pass
D01-S001-09921,True,True,pass
D01-S001-09922,True,True,pass
D01-S001-09923,True,True,pass
D01-S001-09924,True,True,pass
D01-S001-09925,True,True,pass
D01-S001-09926,True,True,pass
D01-S001-09927,True,True,pass
D01-S001-09928,True,True,pass
D01-S001-09929,True,True,pass
D01-S001-09930,True,True,pass
D01-S001-09931,True,True,pass
D01-S001-09932,True,True,pass
D01-S001-09933,True,True,pass
D01-S001-09934,True,True,pass
D01-S001-09935,True,True,pass
D01-S001-09936,True,True,pass
D01-S001-09937,True,True,pass
D01-S001-09938,True,True,pass
D01-S001-09939,True,True,pass
D01-S001-09940,True,True,pass
D01-S001-09941,True,True,pass
D01-S001-09942,True,True,pass
D01-S001-09943,True,True,pass
D01-S001-09944,True,True,pass
D01-S001-09945,True,True,pass
D01-S001-09946,True,True,pass
D01-S001-09947,True,True,pass
D01-S001-09948,True,True,pass
D01-S001-09949,True,True,pass
D01-S001-09950,True,True,pass
D01-S001-09951,True,True,pass
D01-S001-09952,True,True,pass
D01-S001-09953,True,True,pass
D01-S001-09954,True,True,pass
D01-S001-09955,True,True,pass
D01-S001-09956,True,True,pass
D01-S001-09957,True,True,pass
D01-S001-09958,True,True,pass
D01-S001-09959,True,True,pass
D01-S001-09960,True,True,pass
D01-S001-09961,True,True,pass
D01-S001-09962,True,True,pass
D01-S001-09963,True,True,pass
D01-S001-09964,True,True,pass
D01-S001-09965,True,True,pass
D01-S001-09966,True,True,pass
D01-S001-09967,True,True,pass
D01-S001-09968,True,True,pass
D01-S001-09969,True,True,pass
D01-S001-09970,True,True,pass
D01-S001-09971,True,True,pass
D01-S001-09972,True,True,pass
D01-S001-09973,True,True,pass
D01-S001-09974,True,True,pass
D01-S001-09975,True,True,pass
D01-S001-09976,True,True,pass
D01-S001-09977,True,True,pass
D01-S001-09978,True,True,pass
D01-S001-09979,True,True,pass
D01-S001-09980,True,True,pass
D01-S001-09981,True,True,pass
D01-S001-09982,True,True,pass
D01-S001-09983,True,True,pass
D01-S001-09984,True,True,pass
D01-S001-09985,True,True,pass
D01-S001-09986,True,True,pass
D01-S001-09987,True,True,pass
D01-S001-09988,True,True,pass
D01-S001-09989,True,True,pass
D01-S001-09990,True,True,pass
D01-S001-09991,True,True,pass
D01-S001-09992,True,True,pass
D01-S001-09993,True,True,pass
D01-S001-09994,True,True,pass
D01-S001-09995,True,True,pass
D01-S001-09996,True,True,pass
D01-S001-09997,True,True,pass
D01-S001-09998,True,True,pass
D01-S001-09999,True,True,pass
D01-S001-10000,True,True,pass
